,out_dim,number_of_users,labeled_ratio,model_loop,general,thr,f1,std,activeusers,user0,user1,user2,user3,user4,user5,user6,user7,user8,user9,user10,user11,user12,user13,user14,user15,user16,user17,user18,user19,user20,user21,user22,user23,user24,user25,user26,user27,user28,user29,user30,user31,user32,user33,user34,user35,user36,user37,user38,user39,user40,user41,user42,user43,user44,user45,user46,user47,user48,user49
0,0,5,0.1,0,0,0.05,0.798484404438104,0.4148992266550236,2,0.0,0.0,0.8297984533100472,0.7671703555661608,0.0,0.0,0.0,0.0,0.0,0.0,0.0,0.0,0.0,0.0,0.0,0.0,0.0,0.0,0.0,0.0,0.0,0.0,0.0,0.0,0.0,0.0,0.0,0.0,0.0,0.0,0.0,0.0,0.0,0.0,0.0,0.0,0.0,0.0,0.0,0.0,0.0,0.0,0.0,0.0,0.0,0.0,0.0,0,0,0
1,0,5,0.2,0,0,0.05,0.8416701048260484,0.551671587380425,3,0.8832479657111466,0.7717667964301284,0.0,0.8699955523368702,0.0,0.0,0.0,0.0,0.0,0.0,0.0,0.0,0.0,0.0,0.0,0.0,0.0,0.0,0.0,0.0,0.0,0.0,0.0,0.0,0.0,0.0,0.0,0.0,0.0,0.0,0.0,0.0,0.0,0.0,0.0,0.0,0.0,0.0,0.0,0.0,0.0,0.0,0.0,0.0,0.0,0.0,0.0,0,0,0
2,0,5,0.3,0,0,0.05,0.8549586569564057,0.5917366764451143,3,0.8779604835204037,0.0,0.8972495458149393,0.7896659415338744,0.0,0.0,0.0,0.0,0.0,0.0,0.0,0.0,0.0,0.0,0.0,0.0,0.0,0.0,0.0,0.0,0.0,0.0,0.0,0.0,0.0,0.0,0.0,0.0,0.0,0.0,0.0,0.0,0.0,0.0,0.0,0.0,0.0,0.0,0.0,0.0,0.0,0.0,0.0,0.0,0.0,0.0,0.0,0,0,0
3,0,5,0.4,0,0,0.05,0.8514430928922639,0.6320984137165914,4,0.8393086376745889,0.8679347915946352,0.0,0.8211502255971413,0.8773787167026903,0.0,0.0,0.0,0.0,0.0,0.0,0.0,0.0,0.0,0.0,0.0,0.0,0.0,0.0,0.0,0.0,0.0,0.0,0.0,0.0,0.0,0.0,0.0,0.0,0.0,0.0,0.0,0.0,0.0,0.0,0.0,0.0,0.0,0.0,0.0,0.0,0.0,0.0,0.0,0.0,0.0,0.0,0,0,0
4,0,5,0.5,0,0,0.05,0.8423567533887958,0.5685662684325257,3,0.8978443559692063,0.8078544493283708,0.0,0.8213714548688102,0.0,0.0,0.0,0.0,0.0,0.0,0.0,0.0,0.0,0.0,0.0,0.0,0.0,0.0,0.0,0.0,0.0,0.0,0.0,0.0,0.0,0.0,0.0,0.0,0.0,0.0,0.0,0.0,0.0,0.0,0.0,0.0,0.0,0.0,0.0,0.0,0.0,0.0,0.0,0.0,0.0,0.0,0.0,0,0,0
5,0,5,0.6,0,0,0.05,0.847828425427751,0.5819822669271533,3,0.8751103866540405,0.0,0.8708364141274191,0.7975384755017935,0.0,0.0,0.0,0.0,0.0,0.0,0.0,0.0,0.0,0.0,0.0,0.0,0.0,0.0,0.0,0.0,0.0,0.0,0.0,0.0,0.0,0.0,0.0,0.0,0.0,0.0,0.0,0.0,0.0,0.0,0.0,0.0,0.0,0.0,0.0,0.0,0.0,0.0,0.0,0.0,0.0,0.0,0.0,0,0,0
6,0,5,0.7,0,0,0.05,0.8299453949710649,0.604369655388302,4,0.8366776991729968,0.0,0.806013541653249,0.7747873807269623,0.9023029583310516,0.0,0.0,0.0,0.0,0.0,0.0,0.0,0.0,0.0,0.0,0.0,0.0,0.0,0.0,0.0,0.0,0.0,0.0,0.0,0.0,0.0,0.0,0.0,0.0,0.0,0.0,0.0,0.0,0.0,0.0,0.0,0.0,0.0,0.0,0.0,0.0,0.0,0.0,0.0,0.0,0.0,0.0,0,0,0
7,0,10,0.1,0,0,0.05,0.8107827234971124,0.7034119096442435,7,0.7988752858817723,0.0,0.7507904500514948,0.8501373396602487,0.8897987250120638,0.8275464018688049,0.8067351650353201,0.7515956969700827,0.0,0.0,0.0,0.0,0.0,0.0,0.0,0.0,0.0,0.0,0.0,0.0,0.0,0.0,0.0,0.0,0.0,0.0,0.0,0.0,0.0,0.0,0.0,0.0,0.0,0.0,0.0,0.0,0.0,0.0,0.0,0.0,0.0,0.0,0.0,0.0,0.0,0.0,0.0,0,0,0
8,0,10,0.2,0,0,0.05,0.8559004564435758,0.6648369888953657,4,0.8525791203047223,0.0,0.0,0.8863364245925971,0.9204324106841436,0.0,0.7642538701928404,0.0,0.0,0.0,0.0,0.0,0.0,0.0,0.0,0.0,0.0,0.0,0.0,0.0,0.0,0.0,0.0,0.0,0.0,0.0,0.0,0.0,0.0,0.0,0.0,0.0,0.0,0.0,0.0,0.0,0.0,0.0,0.0,0.0,0.0,0.0,0.0,0.0,0.0,0.0,0.0,0,0,0
9,0,10,0.3,0,0,0.05,0.8558061738416103,0.6421645023139773,4,0.8634869996058192,0.0,0.9115905589478458,0.0,0.7935804507022438,0.0,0.8545666861105321,0.0,0.0,0.0,0.0,0.0,0.0,0.0,0.0,0.0,0.0,0.0,0.0,0.0,0.0,0.0,0.0,0.0,0.0,0.0,0.0,0.0,0.0,0.0,0.0,0.0,0.0,0.0,0.0,0.0,0.0,0.0,0.0,0.0,0.0,0.0,0.0,0.0,0.0,0.0,0.0,0,0,0
10,0,10,0.4,0,0,0.05,0.8056249207140237,0.6547650331304811,5,0.8550923840732946,0.7825379474361458,0.0,0.7860049764476916,0.0,0.8501898576952737,0.0,0.7542994379177127,0.0,0.0,0.0,0.0,0.0,0.0,0.0,0.0,0.0,0.0,0.0,0.0,0.0,0.0,0.0,0.0,0.0,0.0,0.0,0.0,0.0,0.0,0.0,0.0,0.0,0.0,0.0,0.0,0.0,0.0,0.0,0.0,0.0,0.0,0.0,0.0,0.0,0.0,0.0,0,0,0
11,0,10,0.5,0,0,0.05,0.8371222064402423,0.6713698567222515,5,0.8875581706526899,0.0,0.7638994339317544,0.855564659921714,0.8498270191050996,0.0,0.0,0.8287617485899534,0.0,0.0,0.0,0.0,0.0,0.0,0.0,0.0,0.0,0.0,0.0,0.0,0.0,0.0,0.0,0.0,0.0,0.0,0.0,0.0,0.0,0.0,0.0,0.0,0.0,0.0,0.0,0.0,0.0,0.0,0.0,0.0,0.0,0.0,0.0,0.0,0.0,0.0,0.0,0,0,0
12,0,10,0.6,0,0,0.05,0.8170250605712461,0.6057357345340557,4,0.7737121369772207,0.0,0.803216829740797,0.0,0.0,0.8460139714182051,0.8451573041487614,0.0,0.0,0.0,0.0,0.0,0.0,0.0,0.0,0.0,0.0,0.0,0.0,0.0,0.0,0.0,0.0,0.0,0.0,0.0,0.0,0.0,0.0,0.0,0.0,0.0,0.0,0.0,0.0,0.0,0.0,0.0,0.0,0.0,0.0,0.0,0.0,0.0,0.0,0.0,0.0,0,0,0
13,0,10,0.7,0,0,0.05,0.8235720575137189,0.715395750573139,7,0.8136822539969467,0.7504733951046763,0.9325829389222572,0.8172192080663085,0.818496478781631,0.0,0.8753159791401532,0.7572341485840596,0.0,0.0,0.0,0.0,0.0,0.0,0.0,0.0,0.0,0.0,0.0,0.0,0.0,0.0,0.0,0.0,0.0,0.0,0.0,0.0,0.0,0.0,0.0,0.0,0.0,0.0,0.0,0.0,0.0,0.0,0.0,0.0,0.0,0.0,0.0,0.0,0.0,0.0,0.0,0,0,0
14,0,15,0.1,0,0,0.05,0.8075857877006508,0.7097231207385434,8,0.8125249795780883,0.0,0.7587106282186786,0.8232506971751163,0.8394769433414666,0.7955335282484324,0.8098207123047334,0.8384674770418314,0.0,0.0,0.0,0.0,0.0,0.7829013356968593,0.0,0.0,0.0,0.0,0.0,0.0,0.0,0.0,0.0,0.0,0.0,0.0,0.0,0.0,0.0,0.0,0.0,0.0,0.0,0.0,0.0,0.0,0.0,0.0,0.0,0.0,0.0,0.0,0.0,0.0,0.0,0.0,0.0,0,0,0
15,0,15,0.2,0,0,0.05,0.814594897197364,0.6816692093547738,6,0.8432297539346146,0.0,0.0,0.8735409667905487,0.8145580123875548,0.0,0.7989733845298941,0.0,0.0,0.0,0.7597131384860303,0.0,0.7975541270555409,0.0,0.0,0.0,0.0,0.0,0.0,0.0,0.0,0.0,0.0,0.0,0.0,0.0,0.0,0.0,0.0,0.0,0.0,0.0,0.0,0.0,0.0,0.0,0.0,0.0,0.0,0.0,0.0,0.0,0.0,0.0,0.0,0.0,0.0,0,0,0
16,0,15,0.3,0,0,0.05,0.8085872370399915,0.6676661227530537,6,0.7850275900835858,0.0,0.9143461874472504,0.0,0.750041714361028,0.7608049573051623,0.7957762873212959,0.8455266857216268,0.0,0.0,0.0,0.0,0.0,0.0,0.0,0.0,0.0,0.0,0.0,0.0,0.0,0.0,0.0,0.0,0.0,0.0,0.0,0.0,0.0,0.0,0.0,0.0,0.0,0.0,0.0,0.0,0.0,0.0,0.0,0.0,0.0,0.0,0.0,0.0,0.0,0.0,0.0,0,0,0
17,0,15,0.4,0,0,0.05,0.7815541485414245,0.6554917820497118,6,0.8484954707998487,0.7734470053826237,0.0,0.7699360867110656,0.0,0.765396607698246,0.775675521706487,0.0,0.0,0.0,0.0,0.0,0.0,0.7563741989502762,0.0,0.0,0.0,0.0,0.0,0.0,0.0,0.0,0.0,0.0,0.0,0.0,0.0,0.0,0.0,0.0,0.0,0.0,0.0,0.0,0.0,0.0,0.0,0.0,0.0,0.0,0.0,0.0,0.0,0.0,0.0,0.0,0.0,0,0,0
18,0,15,0.5,0,0,0.05,0.8269818122901842,0.6685443679356424,5,0.8529546257299011,0.0,0.0,0.8427268292698294,0.8138656183310458,0.0,0.0,0.8331747663474361,0.0,0.0,0.7921872217727087,0.0,0.0,0.0,0.0,0.0,0.0,0.0,0.0,0.0,0.0,0.0,0.0,0.0,0.0,0.0,0.0,0.0,0.0,0.0,0.0,0.0,0.0,0.0,0.0,0.0,0.0,0.0,0.0,0.0,0.0,0.0,0.0,0.0,0.0,0.0,0.0,0,0,0
19,0,15,0.6,0,0,0.05,0.7685996120881393,0.6429641693826927,6,0.0,0.0,0.7693204989691831,0.7534747672989611,0.0,0.8116695903304141,0.763052699478825,0.7602674602187727,0.7538126562326798,0.0,0.0,0.0,0.0,0.0,0.0,0.0,0.0,0.0,0.0,0.0,0.0,0.0,0.0,0.0,0.0,0.0,0.0,0.0,0.0,0.0,0.0,0.0,0.0,0.0,0.0,0.0,0.0,0.0,0.0,0.0,0.0,0.0,0.0,0.0,0.0,0.0,0.0,0,0,0
20,0,15,0.7,0,0,0.05,0.8281316423436327,0.6738359864265073,5,0.8234773363580862,0.0,0.9095830128008016,0.0,0.7848496764708393,0.0,0.85126990650281,0.7714782795856268,0.0,0.0,0.0,0.0,0.0,0.0,0.0,0.0,0.0,0.0,0.0,0.0,0.0,0.0,0.0,0.0,0.0,0.0,0.0,0.0,0.0,0.0,0.0,0.0,0.0,0.0,0.0,0.0,0.0,0.0,0.0,0.0,0.0,0.0,0.0,0.0,0.0,0.0,0.0,0,0,0
21,0,20,0.1,0,0,0.05,0.7927447910325397,0.662451630821104,6,0.8885275466379514,0.7821300465989192,0.0,0.757412615029775,0.7919850964963748,0.0,0.0,0.0,0.0,0.0,0.0,0.0,0.0,0.0,0.7546544801636034,0.7817589612686141,0.0,0.0,0.0,0.0,0.0,0.0,0.0,0.0,0.0,0.0,0.0,0.0,0.0,0.0,0.0,0.0,0.0,0.0,0.0,0.0,0.0,0.0,0.0,0.0,0.0,0.0,0.0,0.0,0.0,0.0,0.0,0,0,0
22,0,20,0.2,0,0,0.05,0.7988270841932512,0.7134749480157395,9,0.808491051132724,0.8006244339964725,0.7763102644301564,0.8384962016740968,0.7543003255561301,0.0,0.8890880256925233,0.0,0.0,0.0,0.0,0.0,0.0,0.7974346703445565,0.7565295593149955,0.7681692255976048,0.0,0.0,0.0,0.0,0.0,0.0,0.0,0.0,0.0,0.0,0.0,0.0,0.0,0.0,0.0,0.0,0.0,0.0,0.0,0.0,0.0,0.0,0.0,0.0,0.0,0.0,0.0,0.0,0.0,0.0,0.0,0,0,0
23,0,20,0.3,0,0,0.05,0.8143253670495619,0.7540972422040876,13,0.8007628557561246,0.0,0.7799535995904078,0.850265232688115,0.8713552621685355,0.0,0.827980970245795,0.7740188645435578,0.0,0.0,0.0,0.7636129484266408,0.8645194319547332,0.7768793230335681,0.8290015436116224,0.8327462975859294,0.8321678190481085,0.7829656229911673,0.0,0.0,0.0,0.0,0.0,0.0,0.0,0.0,0.0,0.0,0.0,0.0,0.0,0.0,0.0,0.0,0.0,0.0,0.0,0.0,0.0,0.0,0.0,0.0,0.0,0.0,0.0,0.0,0.0,0,0,0
24,0,20,0.4,0,0,0.05,0.8052001555885018,0.7189238913532812,9,0.0,0.0,0.0,0.8212323610730058,0.8660082709788557,0.8371109758455862,0.7680417076867445,0.7594800137746099,0.0,0.0,0.0,0.0,0.0,0.7642662120181063,0.854187763238548,0.7999877175640735,0.7764863781169857,0.0,0.0,0.0,0.0,0.0,0.0,0.0,0.0,0.0,0.0,0.0,0.0,0.0,0.0,0.0,0.0,0.0,0.0,0.0,0.0,0.0,0.0,0.0,0.0,0.0,0.0,0.0,0.0,0.0,0.0,0,0,0
25,0,20,0.5,0,0,0.05,0.7930500109990901,0.7070571438810713,9,0.8218943528831457,0.8037976692726077,0.7651696164190398,0.0,0.7771683179095427,0.769869369787016,0.8004684948577759,0.0,0.0,0.0,0.0,0.0,0.0,0.0,0.0,0.8269594903174926,0.7981869834830215,0.7739358040621696,0.0,0.0,0.0,0.0,0.0,0.0,0.0,0.0,0.0,0.0,0.0,0.0,0.0,0.0,0.0,0.0,0.0,0.0,0.0,0.0,0.0,0.0,0.0,0.0,0.0,0.0,0.0,0.0,0.0,0,0,0
26,0,20,0.6,0,0,0.05,0.7940998449621823,0.7232290920750054,11,0.0,0.0,0.0,0.8401752864477916,0.8138755918614473,0.7941893973320907,0.7558241005515468,0.753108870528012,0.0,0.0,0.0,0.7636201863850103,0.7987799087207146,0.0,0.8508851476314278,0.7507163081934497,0.8343452151735685,0.7795782817589465,0.0,0.0,0.0,0.0,0.0,0.0,0.0,0.0,0.0,0.0,0.0,0.0,0.0,0.0,0.0,0.0,0.0,0.0,0.0,0.0,0.0,0.0,0.0,0.0,0.0,0.0,0.0,0.0,0.0,0,0,0
27,0,20,0.7,0,0,0.05,0.792971369226061,0.7024818170882462,9,0.8059452366474986,0.0,0.0,0.8280688486932407,0.7568166016873287,0.0,0.8731456706972638,0.0,0.0,0.0,0.0,0.0,0.0,0.7540750619209725,0.7812901478670988,0.7660647633384107,0.7569300229424024,0.8144059692403331,0.0,0.0,0.0,0.0,0.0,0.0,0.0,0.0,0.0,0.0,0.0,0.0,0.0,0.0,0.0,0.0,0.0,0.0,0.0,0.0,0.0,0.0,0.0,0.0,0.0,0.0,0.0,0.0,0.0,0,0,0
28,0,25,0.1,0,0,0.05,0.8023322230952439,0.7124736972379242,9,0.8653106983101425,0.7830903908028165,0.7575562934083669,0.7915818401336839,0.8322796881732379,0.0,0.0,0.0,0.0,0.0,0.0,0.0,0.0,0.0,0.7900928785754342,0.8151798971751579,0.7771715885624781,0.0,0.0,0.8087267327158774,0.0,0.0,0.0,0.0,0.0,0.0,0.0,0.0,0.0,0.0,0.0,0.0,0.0,0.0,0.0,0.0,0.0,0.0,0.0,0.0,0.0,0.0,0.0,0.0,0.0,0.0,0.0,0,0,0
29,0,25,0.2,0,0,0.05,0.8125942171704658,0.7399456671792395,12,0.8378173456462196,0.7960888591600569,0.798556744969452,0.7986910672851631,0.7960010928666287,0.0,0.8635485439633068,0.0,0.0,0.0,0.0,0.0,0.7578975452537364,0.811755479113434,0.8135632454796466,0.0,0.0,0.0,0.8095549484912354,0.7958731339219933,0.0,0.8717825998947157,0.0,0.0,0.0,0.0,0.0,0.0,0.0,0.0,0.0,0.0,0.0,0.0,0.0,0.0,0.0,0.0,0.0,0.0,0.0,0.0,0.0,0.0,0.0,0.0,0.0,0,0,0
30,0,25,0.3,0,0,0.05,0.8075957994245055,0.7475049260440476,14,0.0,0.0,0.7981557270100224,0.8083547916084785,0.8454463785407386,0.0,0.7859615491381392,0.0,0.0,0.0,0.0,0.0,0.856355844509708,0.7796932351320217,0.8324173673738271,0.8623717379837442,0.7837471826841489,0.7544360429420988,0.0,0.7705098330263007,0.7987527678590479,0.7888665068083914,0.8412722273264126,0.0,0.0,0.0,0.0,0.0,0.0,0.0,0.0,0.0,0.0,0.0,0.0,0.0,0.0,0.0,0.0,0.0,0.0,0.0,0.0,0.0,0.0,0.0,0.0,0,0,0
31,0,25,0.4,0,0,0.05,0.8161681200039723,0.7439063981564642,12,0.0,0.7545676242412686,0.0,0.8294211027900676,0.8835823304810045,0.8201575120119826,0.0,0.8137871562548309,0.0,0.0,0.0,0.0,0.0,0.0,0.8634518581841343,0.7947409683675393,0.7970569285903218,0.8372508156511155,0.7566326907539824,0.7762277905513241,0.8671406621700966,0.0,0.0,0.0,0.0,0.0,0.0,0.0,0.0,0.0,0.0,0.0,0.0,0.0,0.0,0.0,0.0,0.0,0.0,0.0,0.0,0.0,0.0,0.0,0.0,0.0,0.0,0,0,0
32,0,25,0.5,0,0,0.05,0.7992729159822894,0.72558753522145,11,0.7635199324415004,0.0,0.7602308214058981,0.0,0.8226114672275422,0.8279543026177365,0.0,0.0,0.0,0.0,0.0,0.0,0.0,0.0,0.7644454734436912,0.8191154953737693,0.8104310351827423,0.7764613426482905,0.0,0.0,0.8399178779280803,0.7967751391666991,0.8105391883692347,0.0,0.0,0.0,0.0,0.0,0.0,0.0,0.0,0.0,0.0,0.0,0.0,0.0,0.0,0.0,0.0,0.0,0.0,0.0,0.0,0.0,0.0,0.0,0.0,0,0,0
33,0,25,0.6,0,0,0.05,0.8031850765016035,0.7474984846438678,16,0.0,0.0,0.7514927163166072,0.8466454508922923,0.8273409617682235,0.783984390549611,0.0,0.0,0.0,0.0,0.0,0.7805552048262793,0.7740612276409831,0.7744920653188145,0.8190681195518578,0.8059574819555946,0.8226941864709127,0.7796529897597263,0.7638765780152144,0.8210271992420549,0.7761364434315438,0.8329907385621698,0.8909854697237721,0.0,0.0,0.0,0.0,0.0,0.0,0.0,0.0,0.0,0.0,0.0,0.0,0.0,0.0,0.0,0.0,0.0,0.0,0.0,0.0,0.0,0.0,0.0,0.0,0,0,0
34,0,25,0.7,0,0,0.05,0.793870224303111,0.7009875739911693,9,0.7703964467741807,0.0,0.0,0.7957031774738927,0.0,0.0,0.84663443600096,0.0,0.0,0.0,0.0,0.0,0.0,0.0,0.7723519338202207,0.8014862544638591,0.7789455688231164,0.7658276092209573,0.0,0.0,0.0,0.7775427393433363,0.0,0.8359438528074762,0.0,0.0,0.0,0.0,0.0,0.0,0.0,0.0,0.0,0.0,0.0,0.0,0.0,0.0,0.0,0.0,0.0,0.0,0.0,0.0,0.0,0.0,0.0,0,0,0
35,0,30,0.1,0,0,0.05,0.792461935653267,0.7368426705159592,14,0.8893016497618877,0.8049217559751616,0.7577041022366321,0.0,0.8325449783886733,0.7604351517994262,0.0,0.0,0.8235325466939011,0.0,0.0,0.0,0.0,0.7642840179704098,0.7808984835490418,0.7738170100713275,0.7716972640528528,0.0,0.0,0.8002683147379874,0.8008347732136809,0.7555573387724459,0.0,0.7786697119223088,0.0,0.0,0.0,0.0,0.0,0.0,0.0,0.0,0.0,0.0,0.0,0.0,0.0,0.0,0.0,0.0,0.0,0.0,0.0,0.0,0.0,0.0,0.0,0,0,0
36,0,30,0.2,0,0,0.05,0.7846590656585347,0.7234235298370739,13,0.7579300557161885,0.751787535279624,0.7846234982658712,0.0,0.0,0.0,0.8527832144706164,0.0,0.0,0.0,0.0,0.0,0.7784603542937705,0.76587883926372,0.7650981764054373,0.8037261704140952,0.0,0.0,0.7732263554912997,0.0,0.7620125787623689,0.8588401895182842,0.0,0.0,0.7501389200006853,0.79606196567899,0.0,0.0,0.0,0.0,0.0,0.0,0.0,0.0,0.0,0.0,0.0,0.0,0.0,0.0,0.0,0.0,0.0,0.0,0.0,0.0,0.0,0,0,0
37,0,30,0.3,0,0,0.05,0.8075446488823236,0.7662880855307848,20,0.754745127836365,0.0,0.7908546259944537,0.7924978051940955,0.8583145878243618,0.0,0.7997666505702633,0.0,0.0,0.0,0.0,0.0,0.8303330459263438,0.7670151063806196,0.8384854721653484,0.866144033781867,0.8154039519525694,0.7554586600783727,0.7759292383426057,0.7686982873237269,0.8011121420223278,0.8114384909813049,0.8846381792950342,0.0,0.8242521059155655,0.8075244109383617,0.7831497880921048,0.8251312670307771,0.0,0.0,0.0,0.0,0.0,0.0,0.0,0.0,0.0,0.0,0.0,0.0,0.0,0.0,0.0,0.0,0.0,0.0,0.0,0,0,0
38,0,30,0.4,0,0,0.05,0.804032030256068,0.7520950261425132,16,0.7776809408162113,0.0,0.0,0.7733538677573342,0.8934650752911477,0.8386709331770198,0.755682587769017,0.7666560104196664,0.0,0.0,0.0,0.0,0.0,0.761102566827969,0.8478270286759878,0.7979100302937604,0.8192119183129355,0.8196213175258111,0.7554204130666988,0.7917616295908748,0.8556964602953779,0.0,0.0,0.7794596384604008,0.830992065816875,0.0,0.0,0.0,0.0,0.0,0.0,0.0,0.0,0.0,0.0,0.0,0.0,0.0,0.0,0.0,0.0,0.0,0.0,0.0,0.0,0.0,0.0,0,0,0
39,0,30,0.5,0,0,0.05,0.8054891324775624,0.7407132335615161,13,0.8368776199267343,0.7793813600588042,0.0,0.0,0.8034106884023924,0.7932844711820637,0.0,0.0,0.0,0.0,0.0,0.0,0.0,0.0,0.0,0.8235199821782435,0.7883053670249559,0.7846024736920663,0.0,0.7521742711882416,0.8565701706327835,0.8003400640070127,0.8110098463520086,0.0,0.7997957216543992,0.8420866859086023,0.0,0.0,0.0,0.0,0.0,0.0,0.0,0.0,0.0,0.0,0.0,0.0,0.0,0.0,0.0,0.0,0.0,0.0,0.0,0.0,0.0,0,0,0
40,0,30,0.6,0,0,0.05,0.8081673006673797,0.7649993010310059,19,0.765338633320782,0.0,0.0,0.8828627076906373,0.7926397291600441,0.7908423758746671,0.0,0.0,0.0,0.0,0.766700794025308,0.773187869067945,0.8146794756687358,0.762075152750199,0.7928707942991654,0.8075338479759319,0.8371792126278293,0.8244316263170857,0.0,0.8312053418782386,0.7722810904734015,0.8535730059796549,0.8724842564719562,0.0,0.8231496191372816,0.7719511868702491,0.8201919930911038,0.0,0.0,0.0,0.0,0.0,0.0,0.0,0.0,0.0,0.0,0.0,0.0,0.0,0.0,0.0,0.0,0.0,0.0,0.0,0.0,0,0,0
41,0,30,0.7,0,0,0.05,0.8039774742438425,0.7516213066647063,16,0.7892876489094827,0.0,0.0,0.788842582509027,0.0,0.0,0.8573502542379838,0.0,0.0,0.0,0.0,0.0,0.0,0.795914081275844,0.778189882950119,0.8060502206788612,0.7514705435572167,0.7917905671476804,0.7635528806430546,0.0,0.7682775397329059,0.0,0.7984750985400424,0.878439639682796,0.0,0.8596445270985892,0.7595372444475943,0.8391181952241022,0.8376986812661785,0.0,0.0,0.0,0.0,0.0,0.0,0.0,0.0,0.0,0.0,0.0,0.0,0.0,0.0,0.0,0.0,0.0,0.0,0,0,0
42,0,35,0.1,0,0,0.05,0.8238509712694596,0.7726973711978272,16,0.8230352911897691,0.0,0.0,0.8849407951675369,0.0,0.0,0.7965924307120826,0.0,0.0,0.0,0.0,0.8219223910266416,0.783798576204121,0.8079302944696711,0.0,0.0,0.8036154529807352,0.8109052766779246,0.7728290274055899,0.8631344726926098,0.0,0.8679402775404482,0.853585968669437,0.8107599966061856,0.8695549412067366,0.0,0.0,0.7926127466157467,0.8184576011461189,0.0,0.0,0.0,0.0,0.0,0.0,0.0,0.0,0.0,0.0,0.0,0.0,0.0,0.0,0.0,0.0,0.0,0.0,0,0,0
43,0,35,0.2,0,0,0.05,0.8128919696539543,0.7710023799004446,19,0.8246627471955684,0.0,0.0,0.813919329928785,0.8420772908063446,0.0,0.8491644277383453,0.0,0.0,0.753556220879794,0.819007365541631,0.7958184375379523,0.7984922931108184,0.8235370764432105,0.8425746903063516,0.0,0.0,0.7825038604955307,0.7997414900551915,0.7907731667814043,0.0,0.803740437243179,0.8386359801989107,0.7991630268184592,0.8416606990108926,0.830016678016078,0.0,0.7959022053166825,0.0,0.0,0.0,0.0,0.0,0.0,0.0,0.0,0.0,0.0,0.0,0.0,0.0,0.0,0.0,0.0,0.0,0.0,0.0,0,0,0
44,0,35,0.3,0,0,0.05,0.822171621581833,0.7685089687783888,16,0.0,0.7775517331877552,0.0,0.856433072157436,0.8119895271847974,0.7994063398068619,0.0,0.0,0.0,0.0,0.0,0.7536938410046947,0.0,0.822027129486885,0.0,0.7954298144621492,0.0,0.0,0.8170809412372171,0.8473535305800496,0.0,0.8434888091310752,0.8526724411685902,0.0,0.8392305891349605,0.8131321298792623,0.8420306210089846,0.0,0.0,0.8246229810235022,0.8586024448551068,0.0,0.0,0.0,0.0,0.0,0.0,0.0,0.0,0.0,0.0,0.0,0.0,0.0,0.0,0.0,0.0,0,0,0
45,0,35,0.4,0,0,0.05,0.8073700649446156,0.7623958172182602,19,0.0,0.7524867015535307,0.7821966498577017,0.0,0.8492076509168694,0.0,0.8465450768579823,0.0,0.0,0.7621589766727446,0.0,0.0,0.0,0.7789857447894545,0.7895290391343112,0.8279353141252838,0.7909188835844612,0.7546158129507607,0.0,0.7914281856381093,0.7985206791772776,0.0,0.8649452368490242,0.0,0.7954583058890463,0.8256887785190979,0.855362893054654,0.7934898927727083,0.0,0.0,0.8260467048039276,0.8545107068007524,0.0,0.0,0.0,0.0,0.0,0.0,0.0,0.0,0.0,0.0,0.0,0.0,0.0,0.0,0.0,0,0,0
46,0,35,0.5,0,0,0.05,0.8058963697313047,0.7639894941089986,19,0.8891945061631389,0.0,0.0,0.8259459486687564,0.8132343401043323,0.0,0.0,0.8345684249844609,0.0,0.0,0.0,0.0,0.0,0.0,0.8188182395321653,0.0,0.7965905300029557,0.78077854042725,0.0,0.7590121354171855,0.7840958555711196,0.7696401981387732,0.8034180914060917,0.8087181107818985,0.0,0.8461117103315927,0.876457311285447,0.7703791663031998,0.7908123042374224,0.7947369288785501,0.0,0.753288045836636,0.7962306368238152,0.0,0.0,0.0,0.0,0.0,0.0,0.0,0.0,0.0,0.0,0.0,0.0,0.0,0.0,0,0,0
47,0,35,0.6,0,0,0.05,0.7908389041232332,0.750466218538395,19,0.0,0.0,0.0,0.7734144843865896,0.7777990489937361,0.7580994104773702,0.0,0.0,0.0,0.7827594565746036,0.0,0.0,0.7516705137768797,0.7567405417354515,0.770264611848864,0.8291472080684495,0.0,0.7597581356640294,0.7766547461452014,0.7576234458034284,0.852525749176101,0.9027253662332168,0.0,0.8524294546930432,0.8288486180623724,0.793834126105518,0.7549581352812227,0.0,0.0,0.7796050992034316,0.7670810261119262,0.0,0.0,0.0,0.0,0.0,0.0,0.0,0.0,0.0,0.0,0.0,0.0,0.0,0.0,0.0,0.0,0,0,0
48,0,35,0.7,0,0,0.05,0.8009243623355006,0.7672967544393946,23,0.7739444120024483,0.7647391502382457,0.0,0.0,0.8511040066458786,0.7686082940586362,0.7679206390703532,0.8711376769738322,0.0,0.0,0.0,0.7615206861869067,0.8088984191660599,0.779389744437217,0.7528728415383195,0.855288031425596,0.7882573410577913,0.8523146139116948,0.808399313095195,0.8679609167760849,0.8095369422587912,0.0,0.8069867171837022,0.7857319570084044,0.7954069573799829,0.7742586863793434,0.827237898669686,0.0,0.0,0.7763101066419055,0.7734349816104389,0.0,0.0,0.0,0.0,0.0,0.0,0.0,0.0,0.0,0.0,0.0,0.0,0.0,0.0,0.0,0.0,0,0,0
49,0,40,0.1,0,0,0.05,0.8008465606051707,0.7647778207694932,21,0.8230300683446454,0.0,0.0,0.8340748065095003,0.7620253879463919,0.0,0.7776423528805497,0.0,0.0,0.0,0.7864790438541677,0.8175673525497356,0.8400248682226847,0.766475905750865,0.7656057881823292,0.7533801949920724,0.7712383668420423,0.7725256529967413,0.7982362771397835,0.8594094435547857,0.0,0.8400416669705869,0.8402196067940604,0.7795600704550751,0.8483574990852703,0.0,0.0,0.8078507382578811,0.8165891448301889,0.0,0.0,0.0,0.0,0.7574435365492295,0.0,0.0,0.0,0.0,0.0,0.0,0.0,0.0,0.0,0.0,0.0,0.0,0.0,0,0,0
50,0,40,0.2,0,0,0.05,0.803434951904054,0.7660008868163146,21,0.7583649506286164,0.0,0.0,0.843247692163143,0.8480532051790032,0.0,0.8381533644429289,0.0,0.0,0.7509413093399908,0.7933028082948846,0.8183233103192575,0.7938476186169905,0.7853571635878153,0.8246318717966329,0.0,0.7809130740984191,0.7771174926877892,0.0,0.7830885131595647,0.0,0.8599017830105883,0.8229189031560572,0.0,0.808557313738381,0.8485412417216792,0.0,0.8013245916133822,0.772517521701463,0.7769148938860178,0.0,0.0,0.7861153668425251,0.0,0.0,0.0,0.0,0.0,0.0,0.0,0.0,0.0,0.0,0.0,0.0,0.0,0.0,0,0,0
51,0,40,0.3,0,0,0.05,0.8070880488576408,0.7599972987482628,17,0.0,0.7578052497612429,0.0,0.847988574803339,0.7808717729694137,0.7871393520729456,0.0,0.0,0.0,0.0,0.0,0.0,0.7784811441016928,0.0,0.0,0.7762404580215532,0.8035066586679087,0.8166617288947731,0.8356863496214434,0.9109092678452948,0.0,0.8190892990899155,0.8080801264029948,0.8313772194532139,0.0,0.0,0.7780015098880604,0.8317069839569504,0.7564083831697266,0.0,0.0,0.0,0.8005427518594259,0.0,0.0,0.0,0.0,0.0,0.0,0.0,0.0,0.0,0.0,0.0,0.0,0.0,0.0,0,0,0
52,0,40,0.4,0,0,0.05,0.8089803621646907,0.7731040452256692,22,0.0,0.7668970472039119,0.0,0.0,0.8828653406444729,0.759933151616607,0.8231915321622406,0.0,0.0,0.0,0.0,0.0,0.0,0.8056096667431906,0.791881940877004,0.8194030298166554,0.8090642879540365,0.8097784531613584,0.7775392088256627,0.767199164247846,0.8115378796129418,0.7712919029201042,0.834829694545384,0.0,0.8213403376580094,0.832532579014988,0.8240836973018925,0.8133193111642383,0.0,0.0,0.8322382393234559,0.8701145433092836,0.7836379868614398,0.0,0.0,0.0,0.7892789726584714,0.0,0.0,0.0,0.0,0.0,0.0,0.0,0.0,0.0,0.0,0,0,0
53,0,40,0.5,0,0,0.05,0.7986510907241682,0.7518244761161509,17,0.8793619901914302,0.0,0.0,0.8422853962800645,0.7644366680886907,0.0,0.0,0.8169292669363203,0.0,0.0,0.0,0.0,0.0,0.0,0.8103482844265643,0.0,0.8197978740650084,0.7724461039865598,0.0,0.0,0.7909677138248856,0.0,0.7880322269210747,0.0,0.0,0.8061124880325164,0.8027650514128737,0.7673891822528969,0.8246844974631957,0.7760037249414817,0.0,0.0,0.7534534123983417,0.0,0.0,0.7660022127526595,0.0,0.7960524483362962,0.0,0.0,0.0,0.0,0.0,0.0,0.0,0.0,0.0,0,0,0
54,0,40,0.6,0,0,0.05,0.793850630988026,0.7445437180200636,16,0.0,0.0,0.0,0.8112160268303512,0.8000929392040315,0.7529440859184471,0.0,0.0,0.0,0.7904283235825231,0.0,0.0,0.0,0.0,0.8268742555213191,0.7741561202696704,0.0,0.7660135169143304,0.7901238612850517,0.8266802296236465,0.79633650895404,0.0,0.8429479913888719,0.8430664031500579,0.0,0.754424857866516,0.0,0.7736511628648489,0.7637432049473114,0.0,0.0,0.0,0.0,0.0,0.7889106074873994,0.0,0.0,0.0,0.0,0.0,0.0,0.0,0.0,0.0,0.0,0.0,0.0,0,0,0
55,0,40,0.7,0,0,0.05,0.8030314221977038,0.7697443840694718,23,0.0,0.7572355102099673,0.0,0.0,0.870504734830109,0.7934230639736011,0.7575325823770338,0.8036016310929066,0.0,0.0,0.0,0.0,0.7826562212597189,0.7776263706710204,0.765300202817907,0.8110524790514594,0.7540677464180736,0.8218907775484231,0.8511438998074357,0.8448562727790259,0.8296922606320596,0.0,0.8454835662310795,0.8153920233072611,0.8092464479521716,0.7699056991083326,0.8094355438478605,0.0,0.0,0.7717312625812025,0.8116445137220084,0.8506980233791903,0.0,0.0,0.765601876949338,0.0,0.0,0.0,0.0,0.0,0.0,0.0,0.0,0.0,0.0,0.0,0.0,0,0,0
56,0,45,0.1,0,0,0.05,0.8035450999866417,0.7711747071385838,25,0.7988946512155579,0.0,0.0,0.8953916880140075,0.7942748945520856,0.0,0.0,0.0,0.0,0.0,0.7804098555590936,0.8085001841090524,0.8364828809971112,0.8089092065578385,0.7604444444089411,0.7511070390493908,0.7962678788049519,0.7993733150728296,0.7593245413508384,0.8557416512460994,0.0,0.8625296873434642,0.8230410796347727,0.7644452264697426,0.874416318479324,0.0,0.0,0.7970185730046799,0.8280643761978659,0.7716615406915172,0.0,0.8014978155822695,0.0,0.7516473190967681,0.7908742038809605,0.7690493071454296,0.0,0.8092598212014461,0.0,0.0,0.0,0.0,0.0,0.0,0.0,0.0,0.0,0,0,0
57,0,45,0.2,0,0,0.05,0.8014782106153003,0.7708549428662447,25,0.8421780206610114,0.0,0.0,0.8384441312589033,0.8346999038235049,0.7736503442557325,0.8279433179334571,0.0,0.0,0.7685671219600333,0.7798642988671847,0.8299155410663861,0.8178354460722645,0.8352291750987001,0.8011822573722464,0.0,0.7965807035764237,0.7617605091432413,0.7773476496443957,0.8128613499956352,0.0,0.7973253069095594,0.8505712630184663,0.7705447416494818,0.8261565466716283,0.8044981291731921,0.7684728818186891,0.7755799985570494,0.7849322175589789,0.7952327155699469,0.0,0.0,0.0,0.0,0.0,0.0,0.7655816937263914,0.0,0.0,0.0,0.0,0.0,0.0,0.0,0.0,0.0,0.0,0,0,0
58,0,45,0.3,0,0,0.05,0.7957944289724789,0.7609825613758859,24,0.7641948773585516,0.7592794598100877,0.0,0.8795566264760787,0.7559823689063412,0.7625397572883048,0.0,0.0,0.0,0.0,0.7527198591684802,0.0,0.7515020687474105,0.0,0.7923302999512699,0.0,0.7791512709168306,0.8114486226551527,0.8161690261836584,0.8093018691991074,0.8585915504609407,0.0,0.8434238143043089,0.7989213364207797,0.8601915867757075,0.0,0.0,0.7723196077854187,0.828095445511728,0.7969380407408275,0.0,0.7935639642390804,0.0,0.7743380589099573,0.7503384648059048,0.7526834964053363,0.0,0.835484822318234,0.0,0.0,0.0,0.0,0.0,0.0,0.0,0.0,0.0,0,0,0
59,0,45,0.4,0,0,0.05,0.792570335225868,0.7556222617765551,21,0.0,0.0,0.0,0.0,0.832968456891041,0.7564593885821562,0.8204729817669281,0.0,0.0,0.0,0.0,0.0,0.0,0.7858181019081444,0.8059145522909416,0.784360519716585,0.7975964063642244,0.0,0.7760905434305052,0.0,0.7867697857651305,0.0,0.8078648462368606,0.0,0.7714213206850338,0.8351645065500221,0.8229140363213148,0.7902138749340916,0.0,0.0,0.8161878118771203,0.8255458982400287,0.7513862376246814,0.0,0.0,0.0,0.777711769645816,0.7667800317985773,0.7564264266784576,0.0,0.7759095424355695,0.0,0.0,0.0,0.0,0.0,0.0,0,0,0
60,0,45,0.5,0,0,0.05,0.8000349517982523,0.7545426051782962,18,0.8432358688799373,0.0,0.0,0.8317422656692436,0.8234987265092238,0.0,0.7636564991624432,0.8428336990106875,0.0,0.0,0.0,0.0,0.0,0.0,0.0,0.0,0.7997000887988602,0.7823245761808869,0.0,0.0,0.7652333664741554,0.751734517118249,0.783646769789309,0.0,0.0,0.8050215133119487,0.8545622599589715,0.0,0.825567059612417,0.0,0.0,0.0,0.0,0.0,0.7562610451612208,0.0,0.0,0.8042974626319511,0.0,0.7980393887394741,0.7504117862003524,0.8188622391592089,0.0,0.0,0.0,0.0,0.0,0,0,0
61,0,45,0.6,0,0,0.05,0.7842607045424999,0.7459981136851574,21,0.0,0.0,0.0,0.8132418078477283,0.7708992007901228,0.755838385287452,0.0,0.0,0.0,0.0,0.0,0.0,0.0,0.7580863981219416,0.8397635605962112,0.7726723551764807,0.0,0.7707215272811598,0.7656750903938194,0.8302105628120389,0.7987297985152377,0.0,0.8301981928095568,0.7960120646724858,0.7798813246467367,0.7692035815362479,0.0,0.7801560091262155,0.7692839947844511,0.0,0.7700854417999337,0.0,0.0,0.7631159352723927,0.7728483222328105,0.7593368336852809,0.0,0.8035144080041905,0.0,0.0,0.0,0.0,0.0,0.0,0.0,0.0,0.0,0,0,0
62,0,45,0.7,0,0,0.05,0.8098240414610839,0.7702811078460734,21,0.7579391438178866,0.0,0.0,0.0,0.881561878386825,0.0,0.7771430012650783,0.8464118760422339,0.0,0.0,0.0,0.7548444292489824,0.8074196771282561,0.8064900256454178,0.7523909487965451,0.8261905774209471,0.0,0.8940397231798592,0.7888895546312488,0.8193567675718844,0.8279552186207114,0.0,0.8200085227239717,0.8175047636263478,0.7838930422079036,0.0,0.7848699152667917,0.0,0.0,0.775125823170537,0.828870724860185,0.8249976511559278,0.0,0.0,0.8304016059152216,0.0,0.0,0.0,0.0,0.0,0.0,0.0,0.0,0.0,0.0,0.0,0.0,0,0,0
63,0,50,0.1,0,0,0.05,0.8108515079219821,0.7825760491445991,28,0.8380039548650033,0.8244926053735039,0.0,0.0,0.9048374794827252,0.8423193718285202,0.7504221623753528,0.7548943811342494,0.0,0.0,0.0,0.8231504701047622,0.7959094464667991,0.8497942593966824,0.8150260952654294,0.7638602942862812,0.0,0.7964434600273773,0.8001010256841503,0.780109659827527,0.8732602593553392,0.0,0.8781914576253214,0.8128898161832363,0.7997041927640838,0.8646207606031479,0.0,0.0,0.788612173748053,0.8524745595480216,0.7856046640929116,0.0,0.7734318948221268,0.0,0.7803215863864836,0.7931233575564987,0.0,0.7531761025650059,0.8173538846801719,0.0,0.7917128457667253,0.0,0.0,0.0,0.0,0.0,0.0,0,0,0
64,0,50,0.2,0,0,0.05,0.7964977888003107,0.7683749685035689,28,0.7588397552195425,0.0,0.0,0.7991414277887607,0.823356402632013,0.7516020368372546,0.8549786376546408,0.0,0.0,0.0,0.7900915966994154,0.7958668932724557,0.803925417650357,0.83663477970148,0.8057841790583087,0.817924765660497,0.0,0.7679523488722195,0.7758876851154731,0.7917203605059207,0.7748443859447449,0.0,0.832372017940465,0.8164594640981446,0.7845808598546272,0.8541730573859218,0.7978416281887303,0.7620326146208487,0.8098977125741444,0.0,0.7790173087513987,0.0,0.0,0.0,0.7678924693686352,0.7514730859024739,0.0,0.8006244816761862,0.0,0.0,0.8095837451252711,0.78743896830877,0.0,0.0,0.0,0.0,0.0,0,0,0
65,0,50,0.3,0,0,0.05,0.8026466300787488,0.7634529414940299,20,0.0,0.0,0.0,0.8845584187847747,0.7615172806258944,0.0,0.0,0.0,0.0,0.0,0.0,0.0,0.7533349614926929,0.7851895135661916,0.0,0.7890342972101675,0.0,0.0,0.7761376305383977,0.8014849179843023,0.7698520817644912,0.8011494699200857,0.8734546696468295,0.0,0.8165811952104158,0.8429693826673864,0.8304100666061396,0.0,0.0,0.7704535196401211,0.8364925040790913,0.7840333941293892,0.0,0.0,0.0,0.8329145125914793,0.7605284399676053,0.0,0.0,0.7989625734551417,0.0,0.0,0.0,0.7838737716943797,0.0,0.0,0.0,0,0,0
66,0,50,0.4,0,0,0.05,0.7979668632885689,0.7706729371328958,28,0.0,0.0,0.0,0.0,0.8825700435545725,0.0,0.8028093578795847,0.0,0.0,0.0,0.0,0.0,0.0,0.8097332809969454,0.802227215216638,0.8483196154822893,0.7966754735799083,0.776313300416428,0.0,0.7701101582823693,0.8117856347776494,0.7832639753001263,0.8265389669661061,0.0,0.7899697023142734,0.7692726921794366,0.837581480494586,0.7957137531957837,0.0,0.0,0.8213608986859874,0.8305784978945894,0.8547263823596782,0.751610329918091,0.0,0.0,0.7962984448968886,0.7538289256330946,0.7616523383565882,0.0,0.8239871198440483,0.0,0.7632047651350269,0.753582897687502,0.7988159690020835,0.7663110196708086,0.7642299323588496,0,0,0
67,0,50,0.5,0,0,0.05,0.8007512299843602,0.7726356462273428,29,0.8914810423445721,0.7627194819848313,0.7630870573392183,0.8682300787166524,0.7823871752588705,0.7698236264670748,0.0,0.8435513558654185,0.7984775686116643,0.0,0.0,0.0,0.0,0.0,0.80815833187347,0.0,0.8177257281429606,0.7987202578320377,0.0,0.0,0.8096549311424862,0.7507640469229666,0.7885737304460531,0.0,0.0,0.8233443170239056,0.8273504120449011,0.7565201280066363,0.8397435659065999,0.7811209640922933,0.0,0.7782992987063466,0.7765678073785856,0.774264727297981,0.0,0.0,0.0,0.8122750847624884,0.8162884603251728,0.7759202186235304,0.7629895725983006,0.8589858773971948,0.0,0.7694088934807262,0.8153519289535057,0.0,0.0,0,0,0
68,0,50,0.6,0,0,0.05,0.8013343880175302,0.7658601092230719,22,0.0,0.0,0.0,0.7694422706715587,0.802700667409847,0.7758134275506692,0.0,0.0,0.0,0.7584528313195051,0.0,0.0,0.0,0.7967007151393718,0.8416494545649197,0.7883615982185175,0.7904274306315914,0.7986000625029386,0.796230242085979,0.8179033281666975,0.8059014383800673,0.0,0.8358957635893045,0.8448423844633723,0.8038011238478837,0.8098608229941224,0.0,0.7903999777337963,0.7919232439728509,0.0,0.0,0.0,0.0,0.0,0.0,0.0,0.0,0.8365874184928219,0.0,0.7820303661056317,0.8113978350661346,0.7804341334780799,0.0,0.0,0.0,0.0,0.0,0,0,0
69,0,50,0.7,0,0,0.05,0.7994810662707684,0.7662160532513269,24,0.0,0.0,0.0,0.0,0.8059614896943471,0.8078897075344442,0.7735289033724477,0.8428619475356567,0.0,0.0,0.0,0.0,0.0,0.7757637155970611,0.811449747667208,0.7704939663848416,0.8131569180565894,0.8296768632268546,0.0,0.8454254474180565,0.7861317471620769,0.807691857933734,0.8122217088083483,0.0,0.7917021172750782,0.8096251448739582,0.7801268615933414,0.8097082464698152,0.8234652832395911,0.0,0.0,0.778400940889641,0.7520296781369691,0.8101289562993473,0.0,0.0,0.7707953905110021,0.0,0.0,0.0,0.0,0.7809486383514401,0.7983603124665944,0.0,0.0,0.0,0.0,0,0,0
70,1,5,0.1,0,0,0.05,0.9799358952718182,0.7300085132395542,4,0.9912125728387796,0.964303434582084,0.9645180455373524,0.9997095281290564,0.0,0.0,0.0,0.0,0.0,0.0,0.0,0.0,0.0,0.0,0.0,0.0,0.0,0.0,0.0,0.0,0.0,0.0,0.0,0.0,0.0,0.0,0.0,0.0,0.0,0.0,0.0,0.0,0.0,0.0,0.0,0.0,0.0,0.0,0.0,0.0,0.0,0.0,0.0,0.0,0.0,0.0,0.0,0,0,0
71,1,5,0.2,0,0,0.05,0.9751748483071794,0.7256924389143418,4,0.979915415545964,0.9262048823024892,0.0,0.9966494578089138,0.9979296375713502,0.0,0.0,0.0,0.0,0.0,0.0,0.0,0.0,0.0,0.0,0.0,0.0,0.0,0.0,0.0,0.0,0.0,0.0,0.0,0.0,0.0,0.0,0.0,0.0,0.0,0.0,0.0,0.0,0.0,0.0,0.0,0.0,0.0,0.0,0.0,0.0,0.0,0.0,0.0,0.0,0.0,0.0,0,0,0
72,1,5,0.3,0,0,0.05,0.9692973511832621,0.7209977108611576,4,0.9578351462147722,0.9360331786828352,0.0,0.9901225185470232,0.993198561288418,0.0,0.0,0.0,0.0,0.0,0.0,0.0,0.0,0.0,0.0,0.0,0.0,0.0,0.0,0.0,0.0,0.0,0.0,0.0,0.0,0.0,0.0,0.0,0.0,0.0,0.0,0.0,0.0,0.0,0.0,0.0,0.0,0.0,0.0,0.0,0.0,0.0,0.0,0.0,0.0,0.0,0.0,0,0,0
73,1,5,0.4,0,0,0.05,0.9666487211862523,0.6425828620466367,3,0.9363315589398068,0.0,0.0,0.9914170272001032,0.972197577418847,0.0,0.0,0.0,0.0,0.0,0.0,0.0,0.0,0.0,0.0,0.0,0.0,0.0,0.0,0.0,0.0,0.0,0.0,0.0,0.0,0.0,0.0,0.0,0.0,0.0,0.0,0.0,0.0,0.0,0.0,0.0,0.0,0.0,0.0,0.0,0.0,0.0,0.0,0.0,0.0,0.0,0.0,0,0,0
74,1,5,0.5,0,0,0.05,0.9753568143872573,0.4916299979697445,2,0.0,0.0,0.0,0.983259995939489,0.9674536328350256,0.0,0.0,0.0,0.0,0.0,0.0,0.0,0.0,0.0,0.0,0.0,0.0,0.0,0.0,0.0,0.0,0.0,0.0,0.0,0.0,0.0,0.0,0.0,0.0,0.0,0.0,0.0,0.0,0.0,0.0,0.0,0.0,0.0,0.0,0.0,0.0,0.0,0.0,0.0,0.0,0.0,0.0,0,0,0
75,1,5,0.6,0,0,0.05,0.9609990632892308,0.4877810626797253,2,0.0,0.0,0.0,0.9755621253594506,0.946436001219011,0.0,0.0,0.0,0.0,0.0,0.0,0.0,0.0,0.0,0.0,0.0,0.0,0.0,0.0,0.0,0.0,0.0,0.0,0.0,0.0,0.0,0.0,0.0,0.0,0.0,0.0,0.0,0.0,0.0,0.0,0.0,0.0,0.0,0.0,0.0,0.0,0.0,0.0,0.0,0.0,0.0,0.0,0,0,0
76,1,5,0.7,0,0,0.05,0.9052007375395464,0.0,1,0.9052007375395464,0.0,0.0,0.0,0.0,0.0,0.0,0.0,0.0,0.0,0.0,0.0,0.0,0.0,0.0,0.0,0.0,0.0,0.0,0.0,0.0,0.0,0.0,0.0,0.0,0.0,0.0,0.0,0.0,0.0,0.0,0.0,0.0,0.0,0.0,0.0,0.0,0.0,0.0,0.0,0.0,0.0,0.0,0.0,0.0,0.0,0.0,0,0,0
77,1,10,0.1,0,0,0.05,0.9869604721335121,0.8654405355914381,8,0.9938914386475468,0.965557520039424,0.996363270773702,0.998226761613886,0.9826614706056512,0.98726263538153,0.9995611876697652,0.9721594923365928,0.0,0.0,0.0,0.0,0.0,0.0,0.0,0.0,0.0,0.0,0.0,0.0,0.0,0.0,0.0,0.0,0.0,0.0,0.0,0.0,0.0,0.0,0.0,0.0,0.0,0.0,0.0,0.0,0.0,0.0,0.0,0.0,0.0,0.0,0.0,0.0,0.0,0.0,0.0,0,0,0
78,1,10,0.2,0,0,0.05,0.9759313202650816,0.8094843223400089,6,0.9804883520351898,0.9261229975066771,0.0,0.9985465925663126,0.994816498830012,0.9569314931018612,0.998681987550436,0.0,0.0,0.0,0.0,0.0,0.0,0.0,0.0,0.0,0.0,0.0,0.0,0.0,0.0,0.0,0.0,0.0,0.0,0.0,0.0,0.0,0.0,0.0,0.0,0.0,0.0,0.0,0.0,0.0,0.0,0.0,0.0,0.0,0.0,0.0,0.0,0.0,0.0,0.0,0.0,0,0,0
79,1,10,0.3,0,0,0.05,0.9711729782375309,0.8294027864607155,7,0.9791215367638284,0.9419058295283844,0.0,0.9933122081118104,0.9964549628601248,0.933594144572398,0.961430823388463,0.9923913424377072,0.0,0.0,0.0,0.0,0.0,0.0,0.0,0.0,0.0,0.0,0.0,0.0,0.0,0.0,0.0,0.0,0.0,0.0,0.0,0.0,0.0,0.0,0.0,0.0,0.0,0.0,0.0,0.0,0.0,0.0,0.0,0.0,0.0,0.0,0.0,0.0,0.0,0.0,0.0,0,0,0
80,1,10,0.4,0,0,0.05,0.9670201805842863,0.7185168350208624,4,0.9184834030982636,0.0,0.0,0.980894536657339,0.974689400327847,0.0,0.0,0.9940133822536956,0.0,0.0,0.0,0.0,0.0,0.0,0.0,0.0,0.0,0.0,0.0,0.0,0.0,0.0,0.0,0.0,0.0,0.0,0.0,0.0,0.0,0.0,0.0,0.0,0.0,0.0,0.0,0.0,0.0,0.0,0.0,0.0,0.0,0.0,0.0,0.0,0.0,0.0,0.0,0,0,0
81,1,10,0.5,0,0,0.05,0.9561229800038946,0.4753235828248255,2,0.950647165649651,0.0,0.0,0.9615987943581382,0.0,0.0,0.0,0.0,0.0,0.0,0.0,0.0,0.0,0.0,0.0,0.0,0.0,0.0,0.0,0.0,0.0,0.0,0.0,0.0,0.0,0.0,0.0,0.0,0.0,0.0,0.0,0.0,0.0,0.0,0.0,0.0,0.0,0.0,0.0,0.0,0.0,0.0,0.0,0.0,0.0,0.0,0.0,0,0,0
82,1,10,0.6,0,0,0.05,0.9694258414158674,0.4784882274313442,2,0.0,0.0,0.0,0.9569764548626885,0.0,0.0,0.0,0.9818752279690464,0.0,0.0,0.0,0.0,0.0,0.0,0.0,0.0,0.0,0.0,0.0,0.0,0.0,0.0,0.0,0.0,0.0,0.0,0.0,0.0,0.0,0.0,0.0,0.0,0.0,0.0,0.0,0.0,0.0,0.0,0.0,0.0,0.0,0.0,0.0,0.0,0.0,0.0,0.0,0,0,0
83,1,10,0.7,0,0,0.05,0.9889413314054004,0.0,1,0.0,0.0,0.0,0.9889413314054004,0.0,0.0,0.0,0.0,0.0,0.0,0.0,0.0,0.0,0.0,0.0,0.0,0.0,0.0,0.0,0.0,0.0,0.0,0.0,0.0,0.0,0.0,0.0,0.0,0.0,0.0,0.0,0.0,0.0,0.0,0.0,0.0,0.0,0.0,0.0,0.0,0.0,0.0,0.0,0.0,0.0,0.0,0.0,0,0,0
84,1,15,0.1,0,0,0.05,0.9689673143088786,0.8960153417871718,13,0.9845320425906816,0.9634272028035228,0.9979647702648292,0.9942506273318084,0.9699988154841528,0.9819900051817532,0.9980966082580744,0.9161158956482112,0.9752298311667544,0.9887628681314944,0.9526359926302448,0.9251947837417032,0.948375642782188,0.0,0.0,0.0,0.0,0.0,0.0,0.0,0.0,0.0,0.0,0.0,0.0,0.0,0.0,0.0,0.0,0.0,0.0,0.0,0.0,0.0,0.0,0.0,0.0,0.0,0.0,0.0,0.0,0.0,0.0,0.0,0.0,0.0,0.0,0,0,0
85,1,15,0.2,0,0,0.05,0.9580573658741194,0.8748183393853345,11,0.98930953339771,0.9568361048854028,0.9162230320000418,0.9969518780872082,0.9967518177816248,0.9597689937374726,0.998392796453716,0.9193666700288612,0.9244764910563222,0.9649244158103202,0.0,0.0,0.9156292913766344,0.0,0.0,0.0,0.0,0.0,0.0,0.0,0.0,0.0,0.0,0.0,0.0,0.0,0.0,0.0,0.0,0.0,0.0,0.0,0.0,0.0,0.0,0.0,0.0,0.0,0.0,0.0,0.0,0.0,0.0,0.0,0.0,0.0,0.0,0,0,0
86,1,15,0.3,0,0,0.05,0.9635740707599224,0.8655074084007328,10,0.9867417111715988,0.9354006128694514,0.0,0.9986930048351836,0.9899575554151246,0.922889884037496,0.951509269632964,0.9929639690833963,0.9295220680678216,0.0,0.9473960088942934,0.9806666235918964,0.0,0.0,0.0,0.0,0.0,0.0,0.0,0.0,0.0,0.0,0.0,0.0,0.0,0.0,0.0,0.0,0.0,0.0,0.0,0.0,0.0,0.0,0.0,0.0,0.0,0.0,0.0,0.0,0.0,0.0,0.0,0.0,0.0,0.0,0.0,0,0,0
87,1,15,0.4,0,0,0.05,0.9583715040892006,0.8228414436305301,7,0.960145117014563,0.9037238087938873,0.0,0.9899771527176514,0.9685962989834408,0.0,0.0,0.997220785231166,0.9402269426730028,0.0,0.9487104232106932,0.0,0.0,0.0,0.0,0.0,0.0,0.0,0.0,0.0,0.0,0.0,0.0,0.0,0.0,0.0,0.0,0.0,0.0,0.0,0.0,0.0,0.0,0.0,0.0,0.0,0.0,0.0,0.0,0.0,0.0,0.0,0.0,0.0,0.0,0.0,0.0,0,0,0
88,1,15,0.5,0,0,0.05,0.9487542483066427,0.7101390234623042,4,0.9346893028973864,0.0,0.0,0.97205674697133,0.0,0.0,0.9338100439805002,0.0,0.0,0.954460899377354,0.0,0.0,0.0,0.0,0.0,0.0,0.0,0.0,0.0,0.0,0.0,0.0,0.0,0.0,0.0,0.0,0.0,0.0,0.0,0.0,0.0,0.0,0.0,0.0,0.0,0.0,0.0,0.0,0.0,0.0,0.0,0.0,0.0,0.0,0.0,0.0,0.0,0,0,0
89,1,15,0.6,0,0,0.05,0.9596733335429906,0.6469793750922999,3,0.0,0.0,0.0,0.947962484182878,0.0,0.0,0.0,0.9929756410940218,0.938081875352072,0.0,0.0,0.0,0.0,0.0,0.0,0.0,0.0,0.0,0.0,0.0,0.0,0.0,0.0,0.0,0.0,0.0,0.0,0.0,0.0,0.0,0.0,0.0,0.0,0.0,0.0,0.0,0.0,0.0,0.0,0.0,0.0,0.0,0.0,0.0,0.0,0.0,0.0,0,0,0
90,1,15,0.7,0,0,0.05,0.9891939252252128,0.0,1,0.0,0.0,0.0,0.0,0.0,0.9891939252252128,0.0,0.0,0.0,0.0,0.0,0.0,0.0,0.0,0.0,0.0,0.0,0.0,0.0,0.0,0.0,0.0,0.0,0.0,0.0,0.0,0.0,0.0,0.0,0.0,0.0,0.0,0.0,0.0,0.0,0.0,0.0,0.0,0.0,0.0,0.0,0.0,0.0,0.0,0.0,0.0,0.0,0,0,0
91,1,20,0.1,0,0,0.05,0.98014396448922,0.922500666680049,17,0.9904952847352776,0.982866763677524,0.9981110944620784,0.9983736051998952,0.9708826953515654,0.9586694435415104,0.9950266912852704,0.9806713727602504,0.9630431418431126,0.9862927622948352,0.983936798664954,0.9336986725470824,0.982180189276911,0.9981020666857444,0.975930070490198,0.9842306807446214,0.9799360627559058,0.0,0.0,0.0,0.0,0.0,0.0,0.0,0.0,0.0,0.0,0.0,0.0,0.0,0.0,0.0,0.0,0.0,0.0,0.0,0.0,0.0,0.0,0.0,0.0,0.0,0.0,0.0,0.0,0.0,0.0,0,0,0
92,1,20,0.2,0,0,0.05,0.9589984368961213,0.9018561434434943,17,0.9714632575450746,0.9654238431918878,0.9026353788395948,0.9947607190854308,0.9979289383757588,0.965751543953387,0.948479951000532,0.9957521434797914,0.960416269734218,0.9200795399725948,0.9569680830187084,0.9192997369800398,0.0,0.968841569406446,0.9943080566611532,0.9295480143969658,0.9398973928978231,0.9714189886946576,0.0,0.0,0.0,0.0,0.0,0.0,0.0,0.0,0.0,0.0,0.0,0.0,0.0,0.0,0.0,0.0,0.0,0.0,0.0,0.0,0.0,0.0,0.0,0.0,0.0,0.0,0.0,0.0,0.0,0,0,0
93,1,20,0.3,0,0,0.05,0.9475245719173883,0.8783909901428297,14,0.9627142253671216,0.9528481484374328,0.9962241028310428,0.0,0.9274876283321865,0.9823208168799684,0.0,0.0,0.92677844925821,0.9793072849092552,0.9043772357914246,0.0,0.9098999760105484,0.9831438576364976,0.9108443153249308,0.9534353406801316,0.9080924805408646,0.9678701448438192,0.0,0.0,0.0,0.0,0.0,0.0,0.0,0.0,0.0,0.0,0.0,0.0,0.0,0.0,0.0,0.0,0.0,0.0,0.0,0.0,0.0,0.0,0.0,0.0,0.0,0.0,0.0,0.0,0.0,0,0,0
94,1,20,0.4,0,0,0.05,0.9589252528004183,0.8289287088433076,7,0.9681646887997184,0.0,0.0,0.9941868612771244,0.992007932349384,0.0,0.934111361246568,0.0,0.9685710174435632,0.0,0.0,0.9454591007867958,0.0,0.0,0.9099758076997752,0.0,0.0,0.0,0.0,0.0,0.0,0.0,0.0,0.0,0.0,0.0,0.0,0.0,0.0,0.0,0.0,0.0,0.0,0.0,0.0,0.0,0.0,0.0,0.0,0.0,0.0,0.0,0.0,0.0,0.0,0.0,0.0,0,0,0
95,1,20,0.5,0,0,0.05,0.9428243530417173,0.7607074734380316,5,0.9390111417596896,0.0,0.0,0.0,0.0,0.9918081541509296,0.9081802310282197,0.0,0.0,0.964537840251319,0.0,0.0,0.0,0.0,0.0,0.0,0.9105843980184292,0.0,0.0,0.0,0.0,0.0,0.0,0.0,0.0,0.0,0.0,0.0,0.0,0.0,0.0,0.0,0.0,0.0,0.0,0.0,0.0,0.0,0.0,0.0,0.0,0.0,0.0,0.0,0.0,0.0,0.0,0,0,0
96,1,20,0.6,0,0,0.05,0.939427089093173,0.7039251284458359,4,0.0,0.0,0.0,0.0,0.9317886386721336,0.0,0.0,0.9732687389619624,0.9106431361492476,0.0,0.0,0.9420078425893484,0.0,0.0,0.0,0.0,0.0,0.0,0.0,0.0,0.0,0.0,0.0,0.0,0.0,0.0,0.0,0.0,0.0,0.0,0.0,0.0,0.0,0.0,0.0,0.0,0.0,0.0,0.0,0.0,0.0,0.0,0.0,0.0,0.0,0.0,0.0,0,0,0
97,1,20,0.7,0,0,0.05,0.9585215986264768,0.7660096502588619,5,0.9450450701314012,0.0,0.0,0.9795804714870728,0.923836930040124,0.0,0.0,0.9815857796357113,0.0,0.0,0.0,0.962559741838074,0.0,0.0,0.0,0.0,0.0,0.0,0.0,0.0,0.0,0.0,0.0,0.0,0.0,0.0,0.0,0.0,0.0,0.0,0.0,0.0,0.0,0.0,0.0,0.0,0.0,0.0,0.0,0.0,0.0,0.0,0.0,0.0,0.0,0.0,0.0,0,0,0
98,1,25,0.1,0,0,0.05,0.9807396710471532,0.9354161065693556,22,0.9825707019031849,0.983397418499594,0.9982592945380944,0.998816393428708,0.9700551306794148,0.9522259238528348,0.9934172250901442,0.9820078005207749,0.9727634876471436,0.985032640437136,0.970093492968112,0.9314734246314452,0.9732390221108144,0.9995618634785692,0.9686034341503084,0.9891860743178458,0.9799046692025284,0.9933573077015324,0.9939997104895356,0.9863138352956836,0.9748754935824212,0.9971184185115468,0.0,0.0,0.0,0.0,0.0,0.0,0.0,0.0,0.0,0.0,0.0,0.0,0.0,0.0,0.0,0.0,0.0,0.0,0.0,0.0,0.0,0.0,0.0,0.0,0.0,0,0,0
99,1,25,0.2,0,0,0.05,0.965530357407548,0.9158565619293956,20,0.9791743587199052,0.9551467629325742,0.9461534494719758,0.9947645605247172,0.996892157687188,0.9431267650561496,0.974869567480552,0.99678549503994,0.9756456272666328,0.9363483463914,0.96433370016555,0.9249001519561142,0.0,0.9539690009273244,0.9886323339923836,0.9327224885630948,0.940043117381052,0.9773977413886472,0.9701413801768812,0.9660842334658308,0.9934759095630504,0.0,0.0,0.0,0.0,0.0,0.0,0.0,0.0,0.0,0.0,0.0,0.0,0.0,0.0,0.0,0.0,0.0,0.0,0.0,0.0,0.0,0.0,0.0,0.0,0.0,0.0,0,0,0
100,1,25,0.3,0,0,0.05,0.9558354994227158,0.8999292374286973,17,0.9607728861982038,0.9590279843734886,0.993893018925362,0.0,0.9222054478135432,0.9907784699189228,0.9587193497007866,0.0,0.9175123511185808,0.9781797235618964,0.0,0.0,0.9367791668153166,0.9756591060710376,0.0,0.9548642781768326,0.9147550395777752,0.9443261862644954,0.9703225731826384,0.9433799299104844,0.9776215246784888,0.950406453898314,0.0,0.0,0.0,0.0,0.0,0.0,0.0,0.0,0.0,0.0,0.0,0.0,0.0,0.0,0.0,0.0,0.0,0.0,0.0,0.0,0.0,0.0,0.0,0.0,0.0,0,0,0
101,1,25,0.4,0,0,0.05,0.9569700055072388,0.8664203166595409,11,0.9806658834813572,0.9012400104016314,0.0,0.9946228420954298,0.9752293483296388,0.9003649435223446,0.968860448326994,0.0,0.96249149697143,0.0,0.0,0.0,0.9575786921714972,0.0,0.0,0.9347419053816648,0.0,0.9548279125729596,0.9960465773246776,0.0,0.0,0.0,0.0,0.0,0.0,0.0,0.0,0.0,0.0,0.0,0.0,0.0,0.0,0.0,0.0,0.0,0.0,0.0,0.0,0.0,0.0,0.0,0.0,0.0,0.0,0.0,0.0,0,0,0
102,1,25,0.5,0,0,0.05,0.9278641506773729,0.7920297325312065,7,0.9329178810578452,0.0,0.0,0.0,0.0,0.9306306293464102,0.9351932820296583,0.0,0.0,0.9235202445176504,0.0,0.0,0.0,0.0,0.0,0.0,0.902516300751902,0.0,0.0,0.9194297900149792,0.0,0.950840927023165,0.0,0.0,0.0,0.0,0.0,0.0,0.0,0.0,0.0,0.0,0.0,0.0,0.0,0.0,0.0,0.0,0.0,0.0,0.0,0.0,0.0,0.0,0.0,0.0,0.0,0,0,0
103,1,25,0.6,0,0,0.05,0.9641433076642549,0.7753261244347402,5,0.0,0.0,0.0,0.982802652169966,0.9608737961398922,0.0,0.0,0.9934145248467404,0.0,0.0,0.0,0.9395396490171024,0.0,0.0,0.0,0.0,0.0,0.0,0.0,0.0,0.0,0.0,0.0,0.9440859161475736,0.0,0.0,0.0,0.0,0.0,0.0,0.0,0.0,0.0,0.0,0.0,0.0,0.0,0.0,0.0,0.0,0.0,0.0,0.0,0.0,0.0,0.0,0.0,0,0,0
104,1,25,0.7,0,0,0.05,0.9401781094543492,0.7882375621244977,6,0.0,0.0,0.0,0.978784144448096,0.946568155455325,0.0,0.9778598963903266,0.9147957001292136,0.0,0.0,0.9114174763240256,0.0,0.0,0.0,0.0,0.0,0.0,0.0,0.0,0.911643283979109,0.0,0.0,0.0,0.0,0.0,0.0,0.0,0.0,0.0,0.0,0.0,0.0,0.0,0.0,0.0,0.0,0.0,0.0,0.0,0.0,0.0,0.0,0.0,0.0,0.0,0.0,0.0,0,0,0
105,1,30,0.1,0,0,0.05,0.9836920874599405,0.9457784056140202,26,0.9881141419581836,0.9863574662376022,0.99854620471237,0.9980762148650532,0.959831701207501,0.957004162072235,0.9953190341973612,0.9917570836901548,0.9715162246313354,0.99069361508721,0.9802426566101324,0.9378093640527152,0.9756055637343596,0.9824569020437756,0.9837845225569664,0.9752596953542084,0.9948525484920197,0.9937053422379298,0.9913634619585998,0.9840708698140704,0.9971215210374,0.9857650466468144,0.995835776824018,0.9855627208919824,0.9895867050505216,0.9857557279939296,0.0,0.0,0.0,0.0,0.0,0.0,0.0,0.0,0.0,0.0,0.0,0.0,0.0,0.0,0.0,0.0,0.0,0.0,0.0,0.0,0.0,0,0,0
106,1,30,0.2,0,0,0.05,0.9648308148039272,0.9239392249169223,24,0.9791948875646764,0.9593892800113396,0.932798730436309,0.9979650573659016,0.9973387608511576,0.95766209666877,0.9618339321136804,0.9979493755907612,0.9649887532180252,0.9269982973437134,0.9378729077050256,0.9227692218130168,0.0,0.9395592323487078,0.9957648586714494,0.9309732191440552,0.9543670656825548,0.9832898377981912,0.9753046094971092,0.9694980725568916,0.9899998564313236,0.9729250163894522,0.9912189135451002,0.9348794152589178,0.9813981572881172,0.0,0.0,0.0,0.0,0.0,0.0,0.0,0.0,0.0,0.0,0.0,0.0,0.0,0.0,0.0,0.0,0.0,0.0,0.0,0.0,0.0,0.0,0,0,0
107,1,30,0.3,0,0,0.05,0.9587923056416425,0.9190851005528109,24,0.9818778195993184,0.971465303187916,0.9914286417032094,0.9952675787959858,0.9120599616967484,0.9485033451075384,0.99135614430617,0.9459328262005042,0.0,0.9501420646393736,0.9706980073684331,0.9158742981525893,0.0,0.919579070422745,0.9932611303850803,0.9345061052450164,0.94775823732164,0.919588755440616,0.9530857910717776,0.9726007444405368,0.9665887235328924,0.9742654797064104,0.9615070339741392,0.9777218035616442,0.9629735474071692,0.952972922131958,0.0,0.0,0.0,0.0,0.0,0.0,0.0,0.0,0.0,0.0,0.0,0.0,0.0,0.0,0.0,0.0,0.0,0.0,0.0,0.0,0.0,0,0,0
108,1,30,0.4,0,0,0.05,0.9468521557882518,0.882519646017958,15,0.95876318063969,0.9195297264874552,0.0,0.9818143379979626,0.9894851490509308,0.905964834241526,0.9548663615237007,0.9126962145357348,0.9805352832500346,0.0,0.0,0.9141040150604768,0.97764423238605,0.0,0.0,0.910562998996716,0.9032795161262346,0.9477419131713778,0.9808069268014804,0.9649876465544078,0.0,0.0,0.0,0.0,0.0,0.0,0.0,0.0,0.0,0.0,0.0,0.0,0.0,0.0,0.0,0.0,0.0,0.0,0.0,0.0,0.0,0.0,0.0,0.0,0.0,0.0,0.0,0,0,0
109,1,30,0.5,0,0,0.05,0.9507074355886309,0.8466980869836404,9,0.9588454891616548,0.0,0.0,0.0,0.0,0.9925280801412508,0.9649605124821242,0.0,0.0,0.961858348686185,0.0,0.0,0.0,0.0,0.0,0.0,0.9123437958958048,0.0,0.0,0.9419751927210112,0.0,0.9804743928462634,0.9072969709184698,0.9360841374449148,0.0,0.0,0.0,0.0,0.0,0.0,0.0,0.0,0.0,0.0,0.0,0.0,0.0,0.0,0.0,0.0,0.0,0.0,0.0,0.0,0.0,0.0,0.0,0,0,0
110,1,30,0.6,0,0,0.05,0.9314069628460285,0.8263975518375433,9,0.9078258435551904,0.0,0.0,0.9076405357529173,0.9371684307201122,0.0,0.0,0.997221258815426,0.91279155402667,0.0,0.0,0.9416496458374042,0.0,0.0,0.0,0.9202126678748784,0.0,0.0,0.0,0.0,0.0,0.9130680299552898,0.0,0.9450846990763684,0.0,0.0,0.0,0.0,0.0,0.0,0.0,0.0,0.0,0.0,0.0,0.0,0.0,0.0,0.0,0.0,0.0,0.0,0.0,0.0,0.0,0.0,0.0,0,0,0
111,1,30,0.7,0,0,0.05,0.9388711630009716,0.7049319554639092,4,0.0,0.0,0.9300966265957408,0.0,0.0,0.9865957952894534,0.0,0.0,0.0,0.0,0.0,0.0,0.0,0.0,0.0,0.0,0.9030353999704426,0.0,0.9357568301482498,0.0,0.0,0.0,0.0,0.0,0.0,0.0,0.0,0.0,0.0,0.0,0.0,0.0,0.0,0.0,0.0,0.0,0.0,0.0,0.0,0.0,0.0,0.0,0.0,0.0,0.0,0.0,0.0,0,0,0
112,1,35,0.1,0,0,0.05,0.9797842263015787,0.9478723123589995,31,0.9837994422937132,0.9785050508984616,0.9541128403007776,0.9914387754534204,0.997636051337737,0.9660475879350604,0.990183140776678,0.9855609887679748,0.957989653890488,0.9641334252262168,0.9453515786292178,0.9250694643453776,0.9951815998253964,0.9753507979147352,0.987135240511622,0.949335451494652,0.9843167830936942,0.9894168817503702,0.989626796910775,0.989125997878743,0.9910925350655768,0.9963607099127516,0.987831953828053,0.9968800865101344,0.989016258212816,0.989728227351266,0.9869808524494064,0.9948300286807,0.9593533320154608,0.9926501498677076,0.989269332219954,0.0,0.0,0.0,0.0,0.0,0.0,0.0,0.0,0.0,0.0,0.0,0.0,0.0,0.0,0.0,0.0,0,0,0
113,1,35,0.2,0,0,0.05,0.9647980090287677,0.9291856846110755,27,0.9803809187321282,0.9058613955516857,0.9943224795015896,0.9982302331612576,0.9584901874923024,0.9945880469059276,0.9797790216693156,0.0,0.9546135660142864,0.9676290864813024,0.943043063393148,0.926959269624089,0.938706990383072,0.9714127402127984,0.9337279113419992,0.9736597090562278,0.9757527971461872,0.9802787674218518,0.9612883805450942,0.9924386017685716,0.9838106126883446,0.9909020742448832,0.9791070096011868,0.9599572806213428,0.9802912664671924,0.9533296282469372,0.9094524462263214,0.961532759277688,0.0,0.0,0.0,0.0,0.0,0.0,0.0,0.0,0.0,0.0,0.0,0.0,0.0,0.0,0.0,0.0,0.0,0.0,0.0,0,0,0
114,1,35,0.3,0,0,0.05,0.9525384742658365,0.9139359572748286,25,0.9793765632675062,0.0,0.9944909582171784,0.9902675603696848,0.9519772932945112,0.9111645351007932,0.9962005548359624,0.9140077272441144,0.0,0.9073123371926892,0.9520663481452296,0.9190496358631274,0.0,0.9147827826063576,0.9820093472206488,0.0,0.9585775602257158,0.9331785698383264,0.94691427114156,0.9691014367603884,0.9770375827681044,0.9509957110408478,0.993631301219514,0.958941560506006,0.9347645279682496,0.9263265837585356,0.963365600368844,0.9228585829168268,0.0,0.9650629247751976,0.0,0.0,0.0,0.0,0.0,0.0,0.0,0.0,0.0,0.0,0.0,0.0,0.0,0.0,0.0,0.0,0.0,0,0,0
115,1,35,0.4,0,0,0.05,0.9376659110228025,0.8893249352112577,19,0.9722868865634586,0.915667275249581,0.0,0.9898159265480512,0.9880213680088324,0.913554208234077,0.9238650608567494,0.9942902272833878,0.0,0.0,0.9263891534916308,0.0,0.906101934080764,0.0,0.9156281433158848,0.9431585604154156,0.9212240783064792,0.9297320529103624,0.964235526410008,0.0,0.9289698166338756,0.9393807515555463,0.0,0.0,0.0,0.906078866328608,0.918773932821182,0.0,0.9184785404193502,0.0,0.0,0.0,0.0,0.0,0.0,0.0,0.0,0.0,0.0,0.0,0.0,0.0,0.0,0.0,0.0,0.0,0.0,0,0,0
116,1,35,0.5,0,0,0.05,0.9526132824757192,0.8451466829506243,9,0.95133260782259,0.0,0.0,0.9748894470886648,0.9369687473436225,0.0,0.0,0.9805781135671172,0.0,0.0,0.946885620229766,0.0,0.0,0.0,0.9464951908777433,0.0,0.0,0.0,0.0,0.0,0.9142938333168402,0.9548765863092752,0.0,0.9671993957258528,0.0,0.0,0.0,0.0,0.0,0.0,0.0,0.0,0.0,0.0,0.0,0.0,0.0,0.0,0.0,0.0,0.0,0.0,0.0,0.0,0.0,0.0,0.0,0,0,0
117,1,35,0.6,0,0,0.05,0.9489829576892348,0.8130441814426047,7,0.0,0.0,0.0,0.9666663994430316,0.9468940801006902,0.0,0.0,0.989059659209067,0.9164602139948972,0.0,0.0,0.9457807440289114,0.0,0.0,0.0,0.926448173321636,0.0,0.0,0.0,0.0,0.0,0.0,0.0,0.9515714337264106,0.0,0.0,0.0,0.0,0.0,0.0,0.0,0.0,0.0,0.0,0.0,0.0,0.0,0.0,0.0,0.0,0.0,0.0,0.0,0.0,0.0,0.0,0.0,0,0,0
118,1,35,0.7,0,0,0.05,0.9883957121573221,0.4902944252679272,2,0.0,0.0,0.0,0.9805888505358544,0.0,0.0,0.0,0.9962025737787898,0.0,0.0,0.0,0.0,0.0,0.0,0.0,0.0,0.0,0.0,0.0,0.0,0.0,0.0,0.0,0.0,0.0,0.0,0.0,0.0,0.0,0.0,0.0,0.0,0.0,0.0,0.0,0.0,0.0,0.0,0.0,0.0,0.0,0.0,0.0,0.0,0.0,0.0,0.0,0,0,0
119,1,40,0.1,0,0,0.05,0.9802048941176147,0.9518329430053988,35,0.9851045212423084,0.9806651016198058,0.95598206228797,0.9921592098577028,0.9960093513672944,0.970141801078338,0.990631042586834,0.9884036251637742,0.94397295622924,0.9710268903558522,0.9490151890009768,0.9187761332623544,0.9967892879428896,0.970895571197919,0.977452827429686,0.9638835156133138,0.9844221328579532,0.9899686921094591,0.991767732425012,0.9898769615913044,0.984474534762019,0.9965127158524804,0.9903655938094754,0.9967300880630552,0.9821523805884322,0.9943405504386356,0.9832055575158662,0.9958493619347633,0.9582025318371896,0.9930925519253824,0.9882255280625996,0.982926153072262,0.9878888758779923,0.9732419762288108,0.9930182889275574,0.0,0.0,0.0,0.0,0.0,0.0,0.0,0.0,0.0,0.0,0.0,0.0,0,0,0
120,1,40,0.2,0,0,0.05,0.9754211960902782,0.9415268395845845,29,0.9863162954792484,0.0,0.9954830132876044,0.9971938004936296,0.9563129679163004,0.9947380130979752,0.9833539125825778,0.9298271599751202,0.9633708600563794,0.9731084860136762,0.9328990746294176,0.0,0.9641950420439652,0.9715086116075544,0.966860701185835,0.9750503332056886,0.9748182078814756,0.9773982541588162,0.9717762061601132,0.997424299495683,0.9821675730688716,0.9950868737260812,0.9795109206967144,0.9762879196347451,0.9848757462955308,0.9729057319108444,0.0,0.9730330130941208,0.9645593640791154,0.9689788694000268,0.9952370967758456,0.9829363386651152,0.0,0.0,0.0,0.0,0.0,0.0,0.0,0.0,0.0,0.0,0.0,0.0,0.0,0.0,0.0,0,0,0
121,1,40,0.3,0,0,0.05,0.954896808997741,0.9232314630527226,31,0.975825250864037,0.9017389129191054,0.9896729281204446,0.9921916189608958,0.9137604087451804,0.9444647647241716,0.995754435167572,0.974210032180251,0.0,0.9207648865860242,0.98622850035223,0.9177526451968226,0.0,0.909471567882473,0.9803253799987034,0.9482931258663688,0.9349688573513464,0.0,0.9458640496188347,0.9803675795786112,0.9664745067128374,0.95153030833768,0.9926999114168096,0.9704780227954246,0.9216576567248496,0.933513734904504,0.9860024794267848,0.907641633800477,0.0,0.9410958152839616,0.9465129671352096,0.9323090980166076,0.9725946741291353,0.9860096018370432,0.9816257242955702,0.0,0.0,0.0,0.0,0.0,0.0,0.0,0.0,0.0,0.0,0.0,0.0,0,0,0
122,1,40,0.4,0,0,0.05,0.94404551690789,0.9052887389841133,25,0.9682900936201976,0.9219891978382908,0.0,0.9965202378024592,0.9963062608624844,0.921296216515422,0.0,0.993552178581011,0.0,0.0,0.925085089925038,0.0,0.90658154793603,0.0,0.916850860184282,0.9538972570772656,0.934664617932333,0.9217845091021196,0.976555992265994,0.0,0.939623595095573,0.9386405775495738,0.0,0.9390573957650302,0.9438592752785676,0.0,0.9074706564409312,0.0,0.9084511269911384,0.914886565001254,0.9196934318782248,0.9528508540728172,0.9755727089826284,0.9587382279041664,0.9689194480944144,0.0,0.0,0.0,0.0,0.0,0.0,0.0,0.0,0.0,0.0,0.0,0.0,0,0,0
123,1,40,0.5,0,0,0.05,0.9468689232613581,0.8810314927341165,14,0.9235754996819616,0.9143336976665396,0.0,0.9873365133209412,0.912088947100317,0.0,0.0,0.9806565839330722,0.0,0.0,0.9601519259265464,0.0,0.0,0.0,0.9489039082295,0.0,0.0,0.0,0.9148585742055227,0.0,0.0,0.9372017772383612,0.0,0.9817928094023968,0.9419735150492256,0.0,0.0,0.0,0.0,0.0,0.0,0.9755851065506704,0.9559820399725744,0.9217240273813816,0.0,0.0,0.0,0.0,0.0,0.0,0.0,0.0,0.0,0.0,0.0,0.0,0.0,0,0,0
124,1,40,0.6,0,0,0.05,0.9445031343044116,0.8533486575880411,10,0.0,0.0,0.0,0.958607995841397,0.0,0.0,0.9752973016848504,0.9456039353753122,0.0,0.0,0.9453358351854686,0.0,0.0,0.0,0.9227718377336874,0.0,0.0,0.0,0.0,0.0,0.9214525323241368,0.0,0.0,0.0,0.0,0.0,0.0,0.0,0.0,0.9298850699125506,0.9682463226764064,0.966285745146602,0.9115447671637044,0.0,0.0,0.0,0.0,0.0,0.0,0.0,0.0,0.0,0.0,0.0,0.0,0.0,0.0,0,0,0
125,1,40,0.7,0,0,0.05,0.9597563650207201,0.7316510058952075,4,0.0,0.0,0.0,0.976664866512462,0.0,0.0,0.0,0.9877213407924104,0.0,0.0,0.0,0.0,0.0,0.0,0.0,0.0,0.0,0.0,0.0,0.0,0.0,0.0,0.0,0.9622178162759578,0.0,0.0,0.0,0.0,0.0,0.0,0.0,0.0,0.0,0.0,0.9124214365020504,0.0,0.0,0.0,0.0,0.0,0.0,0.0,0.0,0.0,0.0,0.0,0.0,0,0,0
126,1,45,0.1,0,0,0.05,0.9822223845708263,0.9587647318964349,40,0.9847912854063918,0.989757718514156,0.9653550492851716,0.9981100840056272,0.996892588527178,0.9687072369313924,0.9901826845005972,0.9877888329407029,0.9517701427508712,0.9670930348371628,0.94399827291722,0.9357428194927888,0.9982446806227906,0.9726049032463842,0.98538096264293,0.9709216463132968,0.9819169247358316,0.9930591295154392,0.9925234717559668,0.9916845411606215,0.9896522101099592,0.9956048305590074,0.9928672895244832,0.9980664455446676,0.985243503086937,0.9927234566228336,0.978114764669508,0.9921690975296222,0.979631092317102,0.9882143642420989,0.9868637052993228,0.9869612827334204,0.989855900932468,0.9828000405722692,0.988275123619768,0.9852399903501324,0.9905716172164862,0.9857337299711716,0.9954748208535996,0.9383061069756564,0.0,0.0,0.0,0.0,0.0,0.0,0.0,0,0,0
127,1,45,0.2,0,0,0.05,0.9674040631654266,0.9400543533651311,36,0.9754260456428496,0.962679037430856,0.9045056370054204,0.9931595590293136,0.9977808967582928,0.9776134441017368,0.9929908603327056,0.9717458568494054,0.911591309291852,0.94822219176802,0.9731153596200752,0.9309854608662472,0.9322276241340176,0.9440832890359592,0.967573259159848,0.9565433632996956,0.9822865140051752,0.9818274036072876,0.9816712500785492,0.9677004830533822,0.984734435192366,0.978942147540516,0.9931734298369,0.927514974639646,0.9795595596357192,0.973507758097298,0.9846444693754086,0.937433029879731,0.0,0.9689229153535024,0.97301336557944,0.9604390437741056,0.9829316536367988,0.9931568227952844,0.9851507309813716,0.965103539755938,0.984589552810642,0.0,0.0,0.0,0.0,0.0,0.0,0.0,0.0,0.0,0.0,0,0,0
128,1,45,0.3,0,0,0.05,0.96208993279981,0.9332914143538944,33,0.9766699377802752,0.0,0.9949096586944588,0.9933501165744406,0.9399125177741076,0.9291345992510884,0.9958884247054915,0.95704724158037,0.0,0.9284034080478404,0.9673947736019528,0.9303804461305656,0.0,0.0,0.9850603411353596,0.9086224018693884,0.9592870143437948,0.9352472764572468,0.9637401636690668,0.9668276581327416,0.9746820292382864,0.9539188775205808,0.9924222215167336,0.9725011518926384,0.949085586922263,0.9385734589983764,0.9713114058794908,0.9491374287297868,0.0,0.9702599060413148,0.9378831483385156,0.9538444887459684,0.9807862882398896,0.9933083527838642,0.9780989287184844,0.963911268410609,0.9870161519535272,0.9503511087152136,0.0,0.0,0.0,0.0,0.0,0.0,0.0,0.0,0.0,0,0,0
129,1,45,0.4,0,0,0.05,0.9405243678333934,0.9048018844700843,26,0.9728052557415668,0.9217018851766255,0.0,0.9564753010068754,0.990845609014264,0.9272930060088206,0.9016805954781828,0.9951776991484956,0.0,0.0,0.0,0.0,0.0,0.0,0.9224732767343355,0.9222535136540022,0.957559225580542,0.9293247356457304,0.9481751598219976,0.9197774945411266,0.9104562633704684,0.9489547899022877,0.0,0.0,0.919145650645218,0.927473801546816,0.0,0.0,0.9205571411858516,0.9191089624214293,0.9198881426232016,0.9229464601330032,0.9817425180401296,0.9885695896887065,0.9563250411390596,0.9441378779734554,0.9287845674460404,0.0,0.0,0.0,0.0,0.0,0.0,0.0,0.0,0.0,0.0,0,0,0
130,1,45,0.5,0,0,0.05,0.9494345303771722,0.9013579812911596,19,0.9345098823441196,0.0,0.0,0.9888004823672248,0.9842443346451932,0.0,0.0,0.988592675229304,0.0,0.9659246746350604,0.0,0.0,0.0,0.9377797694328532,0.0,0.9110675321191728,0.0,0.934504880128104,0.0,0.0,0.9381093658334482,0.0,0.9746498051005268,0.921861266465252,0.963918065167176,0.0,0.0,0.0,0.0,0.9252081544065928,0.962167973374478,0.986913940804372,0.9318135139164552,0.0,0.971929182497256,0.9038061460654436,0.9134544326342404,0.0,0.0,0.0,0.0,0.0,0.0,0.0,0.0,0.0,0.0,0,0,0
131,1,45,0.6,0,0,0.05,0.9414597985741051,0.8555104418185038,11,0.9104583413728388,0.0,0.0,0.9625553289032076,0.9411218645882958,0.0,0.0,0.970401250532639,0.9006089689620081,0.0,0.0,0.952150525022539,0.0,0.0,0.0,0.9201264597389922,0.0,0.0,0.0,0.0,0.0,0.0,0.0,0.0,0.0,0.0,0.0,0.0,0.9190236284343788,0.0,0.0,0.0,0.0,0.9699914535644748,0.964177038884167,0.9454429243116158,0.0,0.0,0.0,0.0,0.0,0.0,0.0,0.0,0.0,0.0,0.0,0,0,0
132,1,45,0.7,0,0,0.05,0.9623684981670786,0.4943961110412022,2,0.0,0.0,0.0,0.0,0.0,0.0,0.9887922220824044,0.0,0.0,0.0,0.0,0.0,0.0,0.0,0.0,0.0,0.0,0.0,0.0,0.0,0.0,0.0,0.9359447742517528,0.0,0.0,0.0,0.0,0.0,0.0,0.0,0.0,0.0,0.0,0.0,0.0,0.0,0.0,0.0,0.0,0.0,0.0,0.0,0.0,0.0,0.0,0.0,0.0,0,0,0
133,1,50,0.1,0,0,0.05,0.9783450088429343,0.957080673085233,45,0.9854419353517035,0.9812527799694444,0.9560540422230948,0.9976741239781683,0.9977856476490352,0.970629134886035,0.9891718601727384,0.987773250933892,0.9399980349550092,0.9712038967556206,0.9671868343753012,0.9378666322264684,0.997518339441164,0.968316039747721,0.9859877493688032,0.9656865100660832,0.9850719920004752,0.9895242412721662,0.98992937468508,0.9888108693745682,0.9897500685252036,0.9952978065935728,0.9924389530658474,0.996132499015371,0.9824903552255908,0.9912170407675642,0.9791112404390327,0.9936307864820852,0.960724213226854,0.9923318617030044,0.9882383151776132,0.9870860332794504,0.9925777903510532,0.986339590699186,0.982922549334383,0.9854564215938854,0.9974928887880028,0.9903958778951952,0.9935159612236818,0.9179971573203448,0.9301146424987844,0.9793838167486634,0.9685170855542782,0.9425840438942612,0.9568951090965602,0.0,0.0,0,0,0
134,1,50,0.2,0,0,0.05,0.9666771701008634,0.9413722293697535,38,0.9751327423471134,0.0,0.998107171396236,0.9961570220941453,0.9716390839633569,0.9872671137013742,0.9854455356272844,0.9243885305527126,0.9565808778668912,0.9681917258002908,0.9096791123086072,0.9015800809805392,0.9562314958665036,0.9782362650858232,0.9643254971536456,0.9788151484728596,0.9696040861869012,0.9823083922828812,0.9748427015407064,0.991815573744904,0.963251651539684,0.9830126525936695,0.9576562959213746,0.9807437698672896,0.9617450265308544,0.9818416569242407,0.9519434761834642,0.9207186986866144,0.9677708949479148,0.980007224688763,0.9815138875929672,0.9922761165785876,0.9868367164110704,0.9642917971107235,0.9871639764024024,0.0,0.9662313229961436,0.9658712652988805,0.9089201288032136,0.9615877477821784,0.0,0.0,0.0,0.0,0.0,0.0,0.0,0,0,0
135,1,50,0.3,0,0,0.05,0.9584101858709987,0.932080342392443,36,0.9820268630274624,0.0,0.9957828870240044,0.9939479200380597,0.930366543566114,0.9394976495257022,0.996633616551058,0.9410540032174632,0.0,0.9085743043722732,0.9590013541695844,0.0,0.0,0.9384973474385574,0.9762466056154911,0.9005199978726514,0.9526270869362232,0.926495830627729,0.9679360421372014,0.9696919624625308,0.981651166111756,0.9571404199450028,0.992406953343764,0.9759313096962288,0.972721744163496,0.946653828407756,0.9525296641751352,0.9747911675652844,0.9226317738544996,0.0,0.9660355335333084,0.9475623580985544,0.9530821271268264,0.9760574138437637,0.9977736072205334,0.9578005242417744,0.943516899562476,0.9793535005104248,0.9699483265219888,0.9084039936232644,0.9478743652280016,0.0,0.0,0.0,0.0,0.0,0.0,0,0,0
136,1,50,0.4,0,0,0.05,0.9424035865154519,0.9081891878728848,28,0.9614855215991964,0.9482785085868666,0.0,0.9887886513606556,0.9949698351765212,0.9273510002537912,0.9322745829701712,0.9959035547229416,0.9016627994838512,0.0,0.0,0.0,0.0,0.0,0.910526567231271,0.9283057728412502,0.9429908097734944,0.9287668365795828,0.9509894451088894,0.0,0.9223394686768108,0.9251211014588168,0.0,0.9019937888871046,0.0,0.0,0.919556355767438,0.0,0.92987856122622,0.939772882514096,0.911929406306253,0.947480423257008,0.9696109994333932,0.9900480582962584,0.974733672079604,0.9731259700176554,0.902954595371268,0.908458091460368,0.0,0.0,0.0,0.958003161991874,0.0,0.0,0.0,0.0,0.0,0,0,0
137,1,50,0.5,0,0,0.05,0.9490526062133718,0.8908480343169296,16,0.9465259582164466,0.0,0.0,0.9821806686776424,0.9880410202726128,0.0,0.0,0.991498418594949,0.0,0.9727097157406362,0.0,0.0,0.0,0.9552488705040856,0.0,0.0,0.0,0.903612794579169,0.0,0.0,0.9428344072466124,0.0,0.9657615579367496,0.0,0.9499747957980612,0.0,0.9138534998079914,0.0,0.0,0.0,0.950125489324103,0.0,0.9379022747964064,0.0,0.9456532478625366,0.9076458297128702,0.931273150343076,0.0,0.0,0.0,0.0,0.0,0.0,0.0,0.0,0.0,0.0,0,0,0
138,1,50,0.6,0,0,0.05,0.9510070196641,0.8575761543907398,10,0.0,0.0,0.0,0.972947482776638,0.9690903800249122,0.0,0.0,0.9950288658689926,0.0,0.0,0.0,0.907671064300482,0.0,0.0,0.0,0.9425741535803136,0.0,0.0,0.0,0.0,0.0,0.0,0.0,0.979463800070346,0.0,0.0,0.0,0.0,0.9192891032090408,0.0,0.0,0.0,0.9142842492485344,0.9754124448281376,0.934308652733602,0.0,0.0,0.0,0.0,0.0,0.0,0.0,0.0,0.0,0.0,0.0,0.0,0,0,0
139,1,50,0.7,0,0,0.05,0.9435064083138291,0.8218692465484077,8,0.0,0.0,0.0,0.0,0.0,0.0,0.9766906050432486,0.9530458747753928,0.0,0.0,0.0,0.0,0.0,0.0,0.0,0.0,0.0,0.0,0.0,0.918603294613808,0.0,0.9734744327524448,0.0,0.9289083481988004,0.0,0.0,0.0,0.0,0.0,0.0,0.0,0.0,0.9227484045495936,0.0,0.9014830124539724,0.0,0.0,0.9730972941233716,0.0,0.0,0.0,0.0,0.0,0.0,0.0,0.0,0.0,0,0,0
