,Step,Node ID,AE loss,Server model loss,Client fine tuned loss,AE fine tuned loss
0,1,38,40.11741256713867,4.578681468963623,3.0057199001312256,0.5382465124130249
1,2,8,7.601889610290527,11.075410842895508,2.9497625827789307,0.6771253943443298
2,3,31,8.482322692871094,9.21982479095459,2.8942763805389404,1.1671524047851562
3,4,6,2.2695817947387695,2.712357997894287,2.985229730606079,0.5017914175987244
4,5,29,2.838069200515747,4.725010395050049,3.0068752765655518,0.42316949367523193
5,6,15,4.388911724090576,27.3330078125,2.9391164779663086,2.5858678817749023
6,7,15,3.5058257579803467,27.918020248413086,3.0080084800720215,2.301582098007202
7,8,7,1.0102328062057495,7.481968402862549,3.054290533065796,1.1730772256851196
8,9,36,1.9717062711715698,155.78363037109375,7.265122890472412,1.2705193758010864
9,10,37,32.82292175292969,15.956832885742188,2.0758187770843506,33.7440071105957
10,11,6,21.96662139892578,21.254945755004883,2.978698968887329,1.0282939672470093
11,12,17,17.39205551147461,29.116317749023438,2.9046926498413086,0.6665763258934021
12,13,32,10.418478965759277,14.943787574768066,3.0391454696655273,0.6080637574195862
13,14,2,2.6064257621765137,10.993414878845215,2.923288106918335,0.7716767191886902
14,15,10,7.204759120941162,12.870647430419922,2.331021785736084,0.8474922180175781
15,16,17,31.070066452026367,9.533076286315918,2.661417245864868,0.7756156325340271
16,17,1,6.164040565490723,88.95255279541016,3.7815539836883545,1.7542614936828613
17,18,25,2.1357431411743164,3.1370418071746826,2.7605478763580322,0.9643807411193848
18,19,51,11.754412651062012,5.310418128967285,2.937298536300659,1.560575008392334
19,20,11,13.872699737548828,3.2205140590667725,2.883223056793213,1.0433412790298462
20,21,30,3.3589935302734375,39.64126968383789,2.8330020904541016,3.4277608394622803
21,22,17,2.8286378383636475,32.68197250366211,2.195625066757202,0.6079315543174744
22,23,48,0.9936754107475281,222.89271545410156,8.09431266784668,2.2350270748138428
23,24,2,3.759453058242798,54.13996124267578,2.673884153366089,0.865874707698822
24,25,15,22.141204833984375,2.998589038848877,2.764918565750122,1.3573811054229736
25,26,47,14.024539947509766,69.05560302734375,2.9988064765930176,1.7581018209457397
26,27,34,25.06592559814453,17.78678321838379,2.788128137588501,26.78498649597168
27,28,20,27.720298767089844,18.941946029663086,2.970299005508423,9.985621452331543
28,29,37,4.75412130355835,6.890460014343262,2.9290847778320312,1.192762851715088
29,30,36,3.100748300552368,3.9047210216522217,2.9774296283721924,1.325742483139038
30,31,17,30.762210845947266,11.724186897277832,2.9740707874298096,0.5702349543571472
31,32,39,36.17917251586914,16.33156394958496,2.9166781902313232,1.493699312210083
32,33,11,4.342018127441406,53.10734558105469,2.897136926651001,0.5583001971244812
33,34,28,1.9073361158370972,48.197792053222656,4.378007411956787,2.041246175765991
34,35,41,1.8926331996917725,46.4318733215332,2.9627063274383545,1.0326032638549805
35,36,23,11.12195110321045,216.37074279785156,12.90996265411377,2.00130295753479
36,37,33,1.847028374671936,535.7266845703125,21.092601776123047,1.678003191947937
37,38,3,2.577401638031006,490.890380859375,92.30133056640625,2.490954875946045
38,39,56,3.0605931282043457,150.0332794189453,12.447322845458984,1.4030715227127075
39,40,8,37.057559967041016,28.29668426513672,2.8387696743011475,1.2289756536483765
40,41,25,2.5078961849212646,10.221116065979004,2.841758966445923,0.5846546292304993
41,42,44,11.647059440612793,12.235526084899902,2.9416451454162598,0.8968202471733093
42,43,4,21.63671875,153.7744903564453,3.376213312149048,2.363365650177002
43,44,23,2.3160083293914795,52.89112091064453,2.962585210800171,0.8507675528526306
44,45,26,32.925323486328125,9.321321487426758,2.962000846862793,1.5330419540405273
45,46,57,2.8231735229492188,14.180556297302246,2.2323732376098633,1.1803274154663086
46,47,0,36.78710174560547,2.021862745285034,2.2161355018615723,1.8801038265228271
47,48,47,3.491720199584961,44.78316879272461,2.9786548614501953,1.7951796054840088
48,49,1,21.00646209716797,62.577232360839844,3.077462673187256,1.7274019718170166
49,50,8,27.968406677246094,6.878180503845215,2.9891672134399414,1.4194908142089844
50,51,24,4.070929050445557,7.075650691986084,2.948237895965576,0.7004234790802002
51,52,37,4.055030345916748,3.2303638458251953,2.8311448097229004,0.9513542652130127
52,53,15,3.84228515625,9.413697242736816,2.874451160430908,1.0076267719268799
53,54,7,1.7551168203353882,9.132726669311523,2.852534532546997,1.010756015777588
54,55,37,1.9523934125900269,8.565359115600586,2.6470766067504883,1.320542812347412
55,56,40,4.475456237792969,52.48836898803711,2.968343734741211,1.1386868953704834
56,57,15,2.1819605827331543,12.67906665802002,2.920847177505493,1.1058144569396973
57,58,50,3.2160024642944336,40.049964904785156,3.3348073959350586,2.053145408630371
58,59,42,28.980754852294922,3.3046698570251465,2.704115629196167,0.44532352685928345
59,60,48,0.7582451701164246,35.654998779296875,2.9957051277160645,0.5116864442825317
60,61,56,8.457969665527344,5.969947338104248,2.9770712852478027,0.6437311172485352
61,62,14,1.975321888923645,159.06594848632812,14.454998016357422,0.8172124624252319
62,63,3,2.640806198120117,153.8263397216797,8.368110656738281,1.9973235130310059
63,64,36,2.3868443965911865,3.9189326763153076,2.8536438941955566,1.071141242980957
64,65,54,17.04035758972168,12.112446784973145,2.4481987953186035,1.8114666938781738
65,66,7,1.1181809902191162,14.261224746704102,2.9921844005584717,0.9937967658042908
66,67,9,4.0433878898620605,8.846628189086914,2.8033437728881836,0.9276164770126343
67,68,26,6.921727657318115,5138.36572265625,1318.0855712890625,6.7555365562438965
68,69,56,1.5536623001098633,6.322497367858887,2.9722719192504883,0.6347700357437134
69,70,23,2.679708242416382,68.62570190429688,3.085728883743286,1.0237023830413818
70,71,8,2.3993539810180664,56.633785247802734,3.1245791912078857,0.8521196842193604
71,72,14,13.448803901672363,6.519482135772705,2.9233434200286865,0.6730080842971802
72,73,34,2.0628724098205566,26.76073455810547,2.951077938079834,0.4785713255405426
73,74,27,40.724082946777344,8.473294258117676,3.0184476375579834,1.6354625225067139
74,75,44,1.850717306137085,325.19879150390625,43.512351989746094,1.0721814632415771
75,76,56,39.87730407714844,7.166195869445801,2.640641450881958,1.2238848209381104
76,77,23,33.09765625,57.318363189697266,2.406033992767334,0.5439490079879761
77,78,6,25.052980422973633,12.029754638671875,1.9033957719802856,14.330225944519043
78,79,19,2.80656361579895,17.69493865966797,2.6232004165649414,2.076022148132324
79,80,2,1.127862811088562,4.425562858581543,2.795685291290283,0.7755658030509949
80,81,10,2.289466142654419,9.48949909210205,2.6563055515289307,0.6983758211135864
81,82,34,1.8112422227859497,7.892606735229492,2.9802355766296387,0.5012891292572021
82,83,24,4.382352828979492,3.413703441619873,2.9359307289123535,0.46613457798957825
83,84,43,3.135389566421509,26.302268981933594,2.5484485626220703,1.1551169157028198
84,85,32,1.0180414915084839,19.456510543823242,2.9636380672454834,0.4700011610984802
85,86,46,46.09598159790039,6.471657752990723,2.866039752960205,2.3959288597106934
86,87,5,1.4116398096084595,147.90208435058594,7.394558906555176,1.693487524986267
87,88,25,1.8502782583236694,4.126656532287598,3.0078201293945312,0.33820512890815735
88,89,17,1.7332144975662231,29.341543197631836,2.4788548946380615,0.541725218296051
89,90,55,3.800147294998169,28.040231704711914,2.7737951278686523,0.6807937622070312
90,91,12,5.047996997833252,9.78797435760498,2.8989462852478027,3.0527665615081787
91,92,20,2.015275001525879,3.5726706981658936,2.709514856338501,0.7687991261482239
92,93,0,1.4120256900787354,461.07720947265625,278.37030029296875,1.3416049480438232
93,94,32,0.8189076781272888,81.22391510009766,3.025233030319214,0.4793095290660858
94,95,48,4.4041972160339355,5.908470153808594,2.908543825149536,0.5674653649330139
95,96,45,2.641653060913086,107.97315216064453,2.9446072578430176,3.2634005546569824
96,97,4,2.6974689960479736,265.3011169433594,2.9176695346832275,1.7180548906326294
97,98,52,3.298187017440796,200.8724822998047,12.069972038269043,1.2898783683776855
98,99,24,0.7942747473716736,40.315391540527344,2.9979357719421387,0.5098726153373718
99,100,36,1.32612144947052,13.62304401397705,2.870539903640747,0.94971764087677
100,101,38,1.3164299726486206,26.32787322998047,3.011549711227417,0.4637112617492676
101,102,24,0.5427995324134827,4.955589771270752,3.0108258724212646,0.4569242000579834
102,103,12,5.870582580566406,7.381047248840332,2.488023519515991,0.8816643357276917
103,104,24,0.5698960423469543,24.3026180267334,3.0285089015960693,0.507154643535614
104,105,30,10.988350868225098,15.94123649597168,3.074031352996826,1.0877755880355835
105,106,52,1.1903668642044067,63.09904479980469,2.878835916519165,0.9607552886009216
106,107,40,3.6721880435943604,26.450763702392578,2.94530987739563,0.7247456908226013
107,108,34,2.188690662384033,80.45215606689453,2.8932621479034424,0.5256599187850952
108,109,28,2.166736602783203,45.83555603027344,2.9682891368865967,0.8112234473228455
109,110,5,3.4587552547454834,99.24427032470703,3.0511891841888428,0.7881825566291809
110,111,7,1.2217868566513062,11.268986701965332,2.9659042358398438,1.06191885471344
111,112,30,19.264760971069336,14.021175384521484,3.0003726482391357,1.2938989400863647
112,113,35,3.9269773960113525,7.927275657653809,2.981419086456299,0.5957145690917969
113,114,17,1.2179546356201172,33.285850524902344,2.7296533584594727,0.48684561252593994
114,115,32,1.9916338920593262,9.008854866027832,2.649752140045166,0.4409883916378021
115,116,46,2.081059694290161,549.3489379882812,74.01634979248047,1.622268557548523
116,117,51,0.9491640329360962,7.525607585906982,2.9838411808013916,0.47567877173423767
117,118,29,0.6083736419677734,66.04418182373047,3.2236783504486084,0.4107215106487274
118,119,15,2.103325366973877,92.6157455444336,3.000670909881592,1.1899012327194214
119,120,12,2.6503846645355225,4.346930503845215,2.731293201446533,0.9363733530044556
120,121,50,1.1826790571212769,32.53797149658203,2.614406108856201,0.8068127036094666
121,122,47,1.893781304359436,131.20359802246094,3.0183053016662598,1.8261544704437256
122,123,19,2.844486713409424,243.8726043701172,3.36622953414917,1.844815731048584
123,124,20,2.4266302585601807,111.14900970458984,3.9485461711883545,1.199998140335083
124,125,15,1.072392225265503,227.7617950439453,3.13712215423584,1.2596250772476196
125,126,44,0.9495555758476257,104.47431945800781,2.989076852798462,0.5523321032524109
126,127,12,1.2214683294296265,25.7620906829834,2.962432861328125,0.7329395413398743
127,128,44,0.7528783679008484,147.27203369140625,3.0484800338745117,0.5899056792259216
128,129,30,1.2473490238189697,118.92443084716797,4.47453498840332,1.318652868270874
129,130,21,2.5821595191955566,2261.387939453125,357.2204284667969,1.8217226266860962
130,131,15,5.819878578186035,415.60589599609375,5.238768577575684,1.2687532901763916
131,132,22,1.2051551342010498,501.3632507324219,132.4333953857422,0.9302668571472168
132,133,35,1.1993321180343628,542.7723388671875,38.2271728515625,0.9103626012802124
133,134,13,2.214045763015747,52.886749267578125,3.017263889312744,1.0094904899597168
134,135,32,0.8908136487007141,66.74642944335938,3.19599986076355,0.41773781180381775
135,136,47,29.056177139282227,312.10009765625,9.051192283630371,1.6146059036254883
136,137,45,1.3588720560073853,36.367008209228516,2.6827549934387207,0.7414759993553162
137,138,28,1.0026533603668213,57.673309326171875,2.8159308433532715,0.6953527331352234
138,139,8,1.487595558166504,44.30217361450195,3.0029804706573486,0.5920228958129883
139,140,52,1.0328987836837769,10.554985046386719,2.8480184078216553,0.6120848655700684
140,141,5,0.6850862503051758,8.719901084899902,3.0169334411621094,0.516600489616394
141,142,5,0.7196126580238342,25.76738166809082,2.9309017658233643,0.4262162744998932
142,143,33,1.252870798110962,55.56479263305664,3.0640580654144287,0.9711804389953613
143,144,53,1.8883098363876343,51.70630645751953,4.249186038970947,0.6598361134529114
144,145,17,0.9759622812271118,217.28758239746094,4.977206707000732,0.6466248631477356
145,146,25,0.6627811789512634,22.327335357666016,2.8743646144866943,0.4474896490573883
146,147,44,0.8737567663192749,85.47505950927734,3.0775537490844727,0.7138503193855286
147,148,45,1.3574776649475098,170.32313537597656,5.418869495391846,1.2053132057189941
148,149,52,0.8435126543045044,25.201679229736328,2.7843470573425293,0.9586482048034668
149,150,34,0.736538290977478,58.10317611694336,2.9654157161712646,0.3360327482223511
150,151,31,1.0750123262405396,151.4034881591797,3.336512804031372,0.7966456413269043
151,152,24,0.55475914478302,10.544534683227539,2.9682676792144775,0.4268457889556885
152,153,9,0.9313417673110962,10.367048263549805,2.873011827468872,0.7108800411224365
153,154,1,1.4939043521881104,37.171958923339844,2.7820403575897217,0.4588475227355957
154,155,17,0.9147651791572571,42.55752944946289,2.2928998470306396,0.5778977274894714
155,156,26,2.0904269218444824,699.4105834960938,50.510807037353516,1.537278175354004
156,157,17,0.7060154676437378,3.0924856662750244,3.007695436477661,0.43658509850502014
157,158,15,1.2764980792999268,78.25386810302734,2.9409470558166504,0.9326273202896118
158,159,1,0.9058736562728882,34.2928466796875,3.0005595684051514,0.554079532623291
159,160,32,0.5304499268531799,89.48927307128906,2.9231173992156982,0.37863945960998535
160,161,23,0.8357758522033691,29.039962768554688,2.82901668548584,0.5026244521141052
161,162,20,1.9524097442626953,23.79829216003418,2.860579252243042,0.7303316593170166
162,163,53,1.2640248537063599,7.711339473724365,2.944087028503418,0.7393245697021484
163,164,3,0.7761973738670349,25.331565856933594,2.5121264457702637,0.7109032869338989
164,165,9,1.0749826431274414,24.669660568237305,2.774566411972046,0.4672994613647461
165,166,29,0.9196787476539612,3.9572863578796387,2.8154473304748535,0.3181285262107849
166,167,44,0.4369845986366272,26.065370559692383,2.9906704425811768,0.4854743480682373
167,168,33,3.1762351989746094,15.96540355682373,3.003815174102783,0.4881123900413513
168,169,13,1.9283397197723389,8.589957237243652,2.970212459564209,1.236886978149414
169,170,27,0.9431328773498535,6.196382999420166,2.679265022277832,0.4795956015586853
170,171,55,0.8347669839859009,29.003616333007812,2.9673705101013184,0.5272379517555237
171,172,11,0.877270519733429,34.36277389526367,2.988665819168091,0.5398330688476562
172,173,21,2.764599084854126,60.920188903808594,2.960150957107544,0.5294798016548157
173,174,21,0.9258607625961304,7.207310199737549,3.0072760581970215,0.6513981819152832
174,175,15,0.8784022927284241,84.77892303466797,2.975532054901123,0.6843032240867615
175,176,2,0.8108388185501099,11.77391242980957,2.923182964324951,0.3875926733016968
176,177,21,0.9257025718688965,69.38977813720703,3.0024607181549072,0.4079321324825287
177,178,52,0.7800511121749878,40.568702697753906,3.0022459030151367,0.5199366807937622
178,179,24,0.608936607837677,17.792762756347656,2.807419538497925,0.42666172981262207
179,180,12,1.7585132122039795,9.1259183883667,2.7486484050750732,0.6358217597007751
180,181,11,0.5858587622642517,85.65618896484375,3.693373203277588,0.46372953057289124
181,182,57,18.02690887451172,30.995319366455078,2.773190498352051,12.858541488647461
182,183,9,0.5262123346328735,31.852783203125,2.8262507915496826,0.4597848951816559
183,184,32,0.39517584443092346,17.07657241821289,2.9867427349090576,0.3336605429649353
184,185,32,0.3595200479030609,3.2323696613311768,2.9106009006500244,0.3956531584262848
185,186,43,0.8976812362670898,105.34383392333984,4.949027061462402,1.08964204788208
186,187,27,0.7273328304290771,52.0628662109375,2.9401471614837646,0.47385576367378235
187,188,44,0.7373262643814087,5.266281604766846,2.97322416305542,0.4270090162754059
188,189,50,0.6370929479598999,151.17982482910156,6.143007755279541,0.5229496359825134
189,190,24,0.5951054096221924,29.445476531982422,2.946058988571167,0.4232833683490753
190,191,5,0.5651814937591553,3.0140528678894043,2.942337989807129,0.4538290500640869
191,192,57,3.812922239303589,1148.830322265625,289.2718811035156,3.666487693786621
192,193,14,0.5790004134178162,3.27567195892334,2.8822832107543945,0.48308026790618896
193,194,12,0.80640709400177,22.55423355102539,2.671642780303955,0.6789882183074951
194,195,12,0.7583572268486023,20.965450286865234,3.458566188812256,0.8308477997779846
195,196,2,0.48337221145629883,3.0387566089630127,2.993720531463623,0.47429904341697693
196,197,47,1.2736130952835083,118.7314453125,2.9836513996124268,0.7128855586051941
197,198,27,0.5354266166687012,67.09614562988281,3.005960702896118,0.5763922929763794
198,199,4,0.8891434669494629,82.59021759033203,3.0286765098571777,0.4890749752521515
199,200,54,2.900409698486328,338.4765930175781,33.705322265625,2.2703940868377686
200,201,6,1.0872389078140259,34.544158935546875,2.551039218902588,0.49863874912261963
201,202,39,0.9021835923194885,25.917362213134766,3.013712167739868,0.581636905670166
202,203,19,0.9433267712593079,22.949352264404297,2.994905710220337,0.45784130692481995
203,204,47,0.7235921621322632,101.32796478271484,2.804563522338867,0.6406471133232117
204,205,42,0.3917999267578125,81.61695098876953,2.8807406425476074,0.37027591466903687
205,206,6,0.5952953100204468,115.4376449584961,3.217698097229004,0.5499266386032104
206,207,56,0.6076709032058716,22.44721221923828,2.9782567024230957,0.4194740355014801
207,208,42,0.3351145088672638,44.25767517089844,2.8053133487701416,0.33908841013908386
208,209,45,1.3412874937057495,42.96844482421875,2.7167630195617676,0.5957638621330261
209,210,4,0.6022495031356812,415.6294860839844,13.0813627243042,0.8212607502937317
210,211,56,0.6138622760772705,10.090353965759277,2.8917651176452637,0.45847415924072266
211,212,17,1.5959160327911377,115.20654296875,2.999946117401123,0.5060612559318542
212,213,31,0.9119845628738403,49.9560546875,2.690906286239624,0.690297544002533
213,214,55,0.7055036425590515,4.898569583892822,2.8002660274505615,0.5455945134162903
214,215,8,0.7860631942749023,16.11312484741211,2.959867000579834,0.7396335601806641
215,216,16,0.6147171258926392,13.318126678466797,2.735748767852783,0.36540666222572327
216,217,44,0.5988613367080688,19.46271324157715,3.0060482025146484,0.4372357428073883
217,218,27,0.6974928975105286,19.085596084594727,2.935563325881958,0.42681124806404114
218,219,46,0.5143648386001587,12.965825080871582,2.973839282989502,0.47227001190185547
219,220,32,0.3889327049255371,65.82164764404297,2.8925821781158447,0.36413198709487915
220,221,42,0.33004286885261536,17.455839157104492,2.87855863571167,0.3091345727443695
221,222,44,0.4471990764141083,24.98377799987793,3.010326623916626,0.4507659375667572
222,223,10,0.6286090612411499,65.67491912841797,3.101360321044922,0.4138794243335724
223,224,22,0.6627120971679688,16.272180557250977,2.7338573932647705,0.5723699331283569
224,225,5,0.513778567314148,13.620969772338867,2.800450563430786,0.5472614169120789
225,226,30,0.60185307264328,32.77505874633789,2.9874298572540283,0.6055434346199036
226,227,2,0.39079952239990234,23.394662857055664,2.91619610786438,0.690439760684967
227,228,46,0.5945227742195129,115.50230407714844,2.5912413597106934,0.5912914872169495
228,229,39,0.5044586062431335,55.88484191894531,2.9365015029907227,0.5903583765029907
229,230,42,0.32679876685142517,42.593963623046875,2.897665023803711,0.35570117831230164
230,231,5,0.45206406712532043,48.7312126159668,2.9303760528564453,0.3869239389896393
231,232,27,0.4280478060245514,64.84503936767578,3.370788097381592,0.4883924126625061
232,233,9,0.3909226655960083,49.402034759521484,2.677058458328247,0.46609365940093994
233,234,10,0.4924986660480499,87.96209716796875,2.8309686183929443,0.3510776460170746
234,235,44,0.4152817726135254,54.641876220703125,3.0985774993896484,0.39964401721954346
235,236,17,0.7286416888237,51.918521881103516,2.6765875816345215,0.3870601952075958
236,237,36,0.611662745475769,106.49220275878906,2.767348289489746,0.5703081488609314
237,238,48,0.3947006165981293,70.61241912841797,2.879610300064087,0.38924655318260193
238,239,20,0.9313514232635498,48.341835021972656,3.001668930053711,0.5103794932365417
239,240,46,0.5343860387802124,5.205634593963623,3.0012905597686768,0.4359259009361267
240,241,27,0.6218269467353821,34.441768646240234,2.981804609298706,0.3898096978664398
241,242,16,0.5323717594146729,27.32289695739746,2.097832202911377,0.3340183198451996
242,243,29,0.310619592666626,14.378503799438477,2.8066208362579346,0.3315827250480652
243,244,42,0.3431777060031891,4.241252899169922,2.8913791179656982,0.30604708194732666
244,245,42,0.388535737991333,9.405820846557617,2.609673023223877,0.30199500918388367
245,246,41,0.5748163461685181,49.90095901489258,2.6242549419403076,0.4669698476791382
246,247,15,0.6892389059066772,71.4842300415039,2.8045761585235596,0.43720436096191406
247,248,18,0.5609111189842224,59.43378448486328,3.2778890132904053,0.3349169194698334
248,249,7,0.577301561832428,13.7235746383667,2.9800708293914795,0.5200492739677429
249,250,10,0.49108874797821045,37.14915466308594,2.9298899173736572,0.44317325949668884
250,251,10,0.5652033090591431,21.58098793029785,2.9668030738830566,0.5920221209526062
251,252,52,0.5516999363899231,25.93577003479004,2.9616594314575195,0.4422200322151184
252,253,11,0.4058346450328827,18.013837814331055,2.886009454727173,0.4095395803451538
253,254,21,0.7649782299995422,34.31549072265625,2.9749672412872314,0.6012497544288635
254,255,5,0.39281344413757324,15.587583541870117,2.9979677200317383,0.35625869035720825
255,256,10,0.4239143133163452,40.26671600341797,2.7963645458221436,0.4029313325881958
256,257,11,0.37983226776123047,30.420225143432617,2.9350805282592773,0.40575864911079407
257,258,52,0.4416121244430542,32.04502487182617,2.9135165214538574,0.4224678575992584
258,259,12,0.4491698741912842,53.79709243774414,2.9304466247558594,0.4118913412094116
259,260,24,0.42532309889793396,37.77803039550781,3.0004982948303223,0.4181741774082184
260,261,11,0.45883500576019287,6.550993919372559,3.0940475463867188,0.3888174593448639
261,262,10,0.4129646420478821,62.197967529296875,2.9104385375976562,0.4299018979072571
262,263,7,0.5193604826927185,11.120929718017578,2.952205181121826,0.40392589569091797
263,264,11,0.44653770327568054,3.6858913898468018,2.9918837547302246,0.3340550363063812
264,265,11,0.43186378479003906,63.99851989746094,2.7767255306243896,0.33500224351882935
265,266,33,0.49918487668037415,51.027732849121094,2.9940285682678223,0.555810272693634
266,267,17,0.47552061080932617,97.14115142822266,2.9886159896850586,0.36401039361953735
267,268,16,0.3562430441379547,110.61055755615234,2.8381824493408203,0.37568798661231995
268,269,24,0.3861008286476135,26.10335350036621,2.94453501701355,0.413509726524353
269,270,11,0.3687554895877838,41.553504943847656,2.915286064147949,0.4502427577972412
270,271,22,0.6116724014282227,24.971546173095703,2.9557197093963623,0.395815908908844
271,272,41,0.43855464458465576,97.66285705566406,3.0402512550354004,0.4311045706272125
272,273,16,0.37501639127731323,33.02227020263672,3.011902332305908,0.4540618658065796
273,274,31,0.7117118239402771,91.38655853271484,3.3880741596221924,0.7219502925872803
274,275,1,0.4252473711967468,31.528079986572266,2.859351396560669,0.4998374581336975
275,276,26,7.748238563537598,791.1345825195312,50.300655364990234,1.4566718339920044
276,277,54,1.3657310009002686,56.6456184387207,2.7322607040405273,0.6068879961967468
277,278,2,0.5294039249420166,21.460914611816406,2.876127243041992,0.3499217927455902
278,279,47,0.752220630645752,40.71210861206055,2.9181365966796875,0.4932008385658264
279,280,15,0.5754907727241516,72.42806243896484,3.017258644104004,0.4515853226184845
280,281,28,0.6011318564414978,41.7377815246582,2.954530954360962,0.5541740655899048
281,282,56,0.44690391421318054,89.87384796142578,2.7043020725250244,0.38087740540504456
282,283,3,0.6370593905448914,23.29503059387207,3.002840995788574,0.5348467826843262
283,284,30,0.35239213705062866,65.17171478271484,3.0443806648254395,0.5771263837814331
284,285,25,0.37678205966949463,11.640549659729004,2.4978787899017334,0.368376761674881
285,286,20,0.596359372138977,72.60804748535156,3.000140905380249,0.5992627143859863
286,287,36,0.4991646111011505,80.53044891357422,2.692561149597168,0.563286542892456
287,288,25,0.3741317689418793,10.175863265991211,2.652588129043579,0.3316671848297119
288,289,16,0.7298653721809387,48.85546112060547,2.8562116622924805,0.3603949248790741
289,290,0,0.6898003220558167,2.656419515609741,2.9174888134002686,0.47925832867622375
290,291,36,0.5706111192703247,69.15777587890625,3.2145934104919434,0.5018133521080017
291,292,27,0.41409099102020264,54.96175765991211,3.056853771209717,0.49511757493019104
292,293,32,0.37470975518226624,37.50940704345703,2.9954326152801514,0.33709588646888733
293,294,40,0.6827684044837952,101.34684753417969,3.09800124168396,0.3981914222240448
294,295,28,0.5979437232017517,100.28852844238281,3.100221633911133,0.5174222588539124
295,296,9,0.6696213483810425,21.749544143676758,2.3828203678131104,0.4356197714805603
296,297,25,0.4818185865879059,53.757408142089844,3.0295894145965576,0.3484913408756256
297,298,48,0.5976083874702454,14.531697273254395,3.0315771102905273,0.3638986647129059
298,299,4,0.9086215496063232,128.98585510253906,2.9897444248199463,0.5129165649414062
299,300,55,0.44883477687835693,40.162994384765625,3.08697509765625,0.4080190658569336
300,301,34,0.900016188621521,137.6251983642578,3.022407293319702,0.5304247736930847
301,302,13,0.3147176206111908,34.69855499267578,2.7007784843444824,0.30929630994796753
302,303,40,0.5336313843727112,62.23971939086914,3.0138256549835205,0.36616188287734985
303,304,54,0.769300103187561,27.579395294189453,2.9608078002929688,0.7618537545204163
304,305,54,0.5357729196548462,117.44429016113281,2.776601552963257,0.5440228581428528
305,306,31,0.9167176485061646,97.90709686279297,3.084676504135132,0.6211607456207275
306,307,3,0.48734650015830994,17.57404136657715,2.8158252239227295,0.5755738615989685
307,308,38,0.5101746916770935,90.53352355957031,4.176656246185303,0.3260048031806946
308,309,36,0.5736407041549683,50.56227111816406,2.8673489093780518,0.4994325339794159
309,310,47,0.8539846539497375,45.31277847290039,3.0180866718292236,0.6630715131759644
310,311,38,0.31871822476387024,22.411151885986328,2.9961986541748047,0.3275424838066101
311,312,34,0.6196970343589783,54.2454948425293,2.9886059761047363,0.4064450263977051
312,313,32,0.362821102142334,34.9644775390625,2.9697158336639404,0.361604243516922
313,314,56,0.47107645869255066,3.545232057571411,2.9363837242126465,0.44720837473869324
314,315,40,0.4235076606273651,32.57109832763672,2.9976768493652344,0.4044826328754425
315,316,35,0.6796355247497559,17.056400299072266,2.9806995391845703,0.44368410110473633
316,317,19,0.8877003788948059,12.470951080322266,3.0000109672546387,0.45541611313819885
317,318,52,0.5149800777435303,12.359843254089355,2.998361110687256,0.396519273519516
318,319,46,0.7034096717834473,4.6855974197387695,2.993666648864746,0.37900999188423157
319,320,15,0.516034722328186,27.11764144897461,2.9783177375793457,0.6379214525222778
320,321,41,0.6357412338256836,10.247113227844238,2.864391565322876,0.5942385196685791
321,322,19,0.4627554416656494,37.662113189697266,3.0057973861694336,0.4352976083755493
322,323,4,0.4000319242477417,22.90620231628418,2.879845380783081,0.49590227007865906
323,324,25,0.393625944852829,14.08694076538086,2.9055726528167725,0.32463014125823975
324,325,33,0.7855443358421326,11.363395690917969,2.9902384281158447,0.5354927182197571
325,326,32,0.5032082200050354,7.532620429992676,2.929818868637085,0.4035950005054474
326,327,57,0.521160900592804,108.87747955322266,3.1327757835388184,0.641068160533905
327,328,55,0.46754807233810425,84.01339721679688,2.864835023880005,0.5506522059440613
328,329,29,0.3108034133911133,20.552349090576172,2.9713966846466064,0.27683520317077637
329,330,28,0.622198224067688,31.285924911499023,2.8772733211517334,0.4914320111274719
330,331,15,0.5936437249183655,83.37206268310547,2.9112277030944824,0.5159642100334167
331,332,32,0.3367530107498169,13.19225025177002,3.010672092437744,0.3474269211292267
332,333,36,0.6457054615020752,22.20408058166504,2.9474596977233887,0.4139077663421631
333,334,7,0.521550714969635,35.80930709838867,2.9623587131500244,0.4611607789993286
334,335,57,0.7516882419586182,45.046485900878906,3.0868496894836426,0.43871158361434937
335,336,2,0.3977571725845337,27.049238204956055,2.932626962661743,0.35121506452560425
336,337,41,0.47507214546203613,27.574827194213867,2.7832367420196533,0.4291628301143646
337,338,31,1.0202717781066895,17.72036361694336,2.9301793575286865,0.5011734962463379
338,339,48,0.38332247734069824,291.237060546875,5.467842102050781,0.3865657448768616
339,340,47,0.46201664209365845,117.62261962890625,3.0006306171417236,0.534000813961029
340,341,33,0.4382380545139313,62.038429260253906,3.0053789615631104,0.547681450843811
341,342,51,0.41115766763687134,90.04141998291016,3.0072336196899414,0.4159260392189026
342,343,27,0.5611736178398132,9.563912391662598,2.9205687046051025,0.5270904898643494
343,344,37,0.4363214671611786,8.841752052307129,2.972715377807617,0.4930945336818695
344,345,39,0.6181506514549255,40.01275634765625,2.9908580780029297,0.6148462295532227
345,346,10,0.464532732963562,3.8323702812194824,2.6955630779266357,0.32879137992858887
346,347,22,0.49834775924682617,25.05582046508789,2.6675362586975098,0.2960263192653656
347,348,19,0.471889466047287,149.32920837402344,3.0107736587524414,0.3894728422164917
348,349,2,0.3841080069541931,11.088592529296875,3.02400541305542,0.3564382493495941
349,350,3,0.5388227105140686,48.9139404296875,2.9868557453155518,0.4116765260696411
350,351,54,0.7021719217300415,172.53318786621094,2.9697787761688232,0.562010645866394
351,352,51,0.36193394660949707,139.53091430664062,3.004269599914551,0.4581393599510193
352,353,12,0.4359908699989319,165.02935791015625,3.0301828384399414,0.4003008306026459
353,354,55,0.45517048239707947,27.210514068603516,2.9771833419799805,0.4304189682006836
354,355,46,0.49352970719337463,19.452606201171875,2.8740694522857666,0.5795120596885681
355,356,57,1.2580902576446533,6.565009593963623,2.988854169845581,0.4351705014705658
356,357,4,0.5709336400032043,71.82496643066406,2.9870381355285645,0.36092492938041687
357,358,6,0.6914843320846558,54.79741287231445,2.9864346981048584,0.3314114212989807
358,359,39,0.7021054029464722,28.135948181152344,2.8027398586273193,0.7205225825309753
359,360,15,0.8789730668067932,199.62640380859375,2.962768316268921,0.3924158215522766
360,361,4,0.4630601704120636,3.7840306758880615,3.0110456943511963,0.45907139778137207
361,362,13,0.3904067873954773,85.93832397460938,2.7885019779205322,0.29141727089881897
362,363,45,0.4169946610927582,70.76937866210938,2.9917984008789062,0.5917938351631165
363,364,56,0.5243389010429382,13.36492919921875,2.9739601612091064,0.40429845452308655
364,365,7,0.4565109312534332,44.8533935546875,2.998487949371338,0.3587819039821625
365,366,5,0.3781158924102783,14.102151870727539,2.834932804107666,0.35328423976898193
366,367,49,0.49085211753845215,46.56438064575195,3.0140557289123535,0.517988920211792
367,368,24,0.4765835106372833,56.66096496582031,2.993652820587158,0.34806036949157715
368,369,35,0.45263445377349854,27.778396606445312,3.0231900215148926,0.42307549715042114
369,370,13,0.3200232684612274,22.93718910217285,2.968517780303955,0.29041460156440735
370,371,7,0.6317129731178284,63.82294464111328,2.9797303676605225,0.4085446000099182
371,372,2,0.4071193337440491,13.268874168395996,2.986065626144409,0.2839825749397278
372,373,27,0.5895600914955139,15.232711791992188,2.986670970916748,0.36625948548316956
373,374,35,0.4065319895744324,37.695274353027344,2.324340581893921,0.44731301069259644
374,375,34,0.5934825539588928,80.53522491455078,2.9931581020355225,0.35106179118156433
375,376,21,0.8521601557731628,75.1696548461914,3.0283076763153076,0.578875720500946
376,377,8,0.6091296076774597,16.34866714477539,2.9349732398986816,0.43284130096435547
377,378,50,0.6675723195075989,48.78495407104492,3.1427507400512695,0.4368530511856079
378,379,14,0.5457260012626648,18.221052169799805,2.957272529602051,0.31069135665893555
379,380,21,0.502762496471405,21.78252410888672,2.977748394012451,0.46885210275650024
380,381,0,0.4101719558238983,2.4078307151794434,2.866760015487671,0.4144124984741211
381,382,21,0.43404680490493774,9.895156860351562,2.7319822311401367,0.3615129590034485
382,383,43,0.9150094389915466,52.571903228759766,3.003821611404419,0.4124005138874054
383,384,32,0.34356889128685,40.39535903930664,2.9742112159729004,0.3768072724342346
384,385,15,0.41337841749191284,19.238012313842773,2.7476632595062256,0.37329810857772827
385,386,1,0.33767637610435486,73.85330963134766,2.996274709701538,0.45811596512794495
386,387,24,0.33478862047195435,51.45395278930664,2.985788106918335,0.369657039642334
387,388,35,0.4646669030189514,34.33445358276367,2.3203182220458984,0.45741549134254456
388,389,19,0.3527136445045471,12.910439491271973,2.952543258666992,0.330716997385025
389,390,43,0.4317830502986908,207.09063720703125,3.079387664794922,0.4176458716392517
390,391,44,0.438467413187027,14.037325859069824,2.969449281692505,0.33518654108047485
391,392,3,0.40105316042900085,18.072629928588867,2.673644542694092,0.5351780652999878
392,393,53,0.3728669285774231,2.921670913696289,2.8746888637542725,0.5790370106697083
393,394,2,0.3472413122653961,9.060608863830566,3.031601905822754,0.3645215630531311
394,395,7,0.4512145221233368,16.641878128051758,2.9477593898773193,0.35929495096206665
395,396,9,0.41167178750038147,19.720443725585938,2.2522435188293457,0.4029592275619507
396,397,20,0.6201310753822327,98.26722717285156,3.0158374309539795,0.6202086210250854
397,398,43,0.5527137517929077,2.8239119052886963,2.9368185997009277,0.47555336356163025
398,399,8,0.5716091394424438,31.139446258544922,2.848742723464966,0.37506166100502014
399,400,9,0.4002867341041565,29.587194442749023,2.8445005416870117,0.3840925991535187
400,401,19,0.42987892031669617,108.0134506225586,3.0052289962768555,0.3898652195930481
401,402,49,0.43700385093688965,32.875038146972656,3.022136688232422,0.4217137098312378
402,403,25,0.35284262895584106,33.5639762878418,2.843919277191162,0.3184843361377716
403,404,4,0.3974383473396301,51.52840042114258,2.906494140625,0.4660555422306061
404,405,23,0.3384297788143158,8.368194580078125,2.927593231201172,0.29870161414146423
405,406,7,0.3720695674419403,60.841514587402344,3.0296847820281982,0.4043024480342865
406,407,23,0.28381770849227905,24.33220863342285,2.94502592086792,0.3248414695262909
407,408,53,0.5867292284965515,11.751180648803711,2.9708688259124756,0.31665676832199097
408,409,20,0.5552859902381897,203.2242431640625,3.008467435836792,0.573734700679779
409,410,28,0.3845152258872986,20.665361404418945,3.0567142963409424,0.4702211022377014
410,411,21,0.5574889183044434,17.533382415771484,2.9666175842285156,0.41319987177848816
411,412,8,0.3719032406806946,41.64455795288086,2.54781436920166,0.3361271023750305
412,413,30,0.46543923020362854,11.79942798614502,3.006380558013916,0.4673386216163635
413,414,40,0.34193655848503113,63.55990219116211,2.804838180541992,0.31880155205726624
414,415,35,0.35994842648506165,62.620521545410156,2.819276809692383,0.3976840674877167
415,416,35,0.34263765811920166,13.593574523925781,2.9856975078582764,0.3756628632545471
416,417,3,0.733608603477478,27.369266510009766,2.9585013389587402,0.38702192902565
417,418,55,0.4161949157714844,49.479034423828125,2.982128620147705,0.412075012922287
418,419,22,0.40723997354507446,5.347390651702881,2.6116855144500732,0.37708377838134766
419,420,14,0.3390895128250122,19.384292602539062,2.9550280570983887,0.361139178276062
420,421,36,0.4367794394493103,55.70881271362305,2.9414308071136475,0.3575619161128998
421,422,37,0.4581601619720459,42.77681350708008,2.823849678039551,0.37975388765335083
422,423,39,0.5765270590782166,22.549671173095703,2.993434190750122,0.5508465766906738
423,424,51,0.4195689260959625,20.514812469482422,3.0120255947113037,0.32632970809936523
424,425,44,0.411905974149704,23.980867385864258,2.946859121322632,0.31116825342178345
425,426,43,0.34340423345565796,83.56721496582031,2.9704318046569824,0.41425228118896484
426,427,14,0.33713215589523315,30.67304801940918,2.934237003326416,0.39223960041999817
427,428,1,0.3926999568939209,68.70843505859375,3.000481605529785,0.4126478433609009
428,429,19,0.40232640504837036,45.00448226928711,3.006744861602783,0.32894641160964966
429,430,26,0.93583744764328,33.016090393066406,2.9243202209472656,0.5300518870353699
430,431,31,0.4948667585849762,13.324504852294922,3.0261104106903076,0.4215429425239563
431,432,14,0.41978248953819275,84.8849868774414,3.0298666954040527,0.3501797616481781
432,433,26,0.5881745219230652,79.32136535644531,2.9590566158294678,0.40019214153289795
433,434,25,0.3216213285923004,46.43482208251953,2.973832368850708,0.39383986592292786
434,435,50,0.44925716519355774,50.99695587158203,2.684638500213623,0.4045944809913635
435,436,20,0.4360545873641968,188.02801513671875,3.017911911010742,0.585358738899231
436,437,51,0.3636459708213806,131.94129943847656,2.7871789932250977,0.35536888241767883
437,438,6,0.3829701542854309,38.80180358886719,3.0002057552337646,0.37868884205818176
438,439,49,0.4007166624069214,88.81462860107422,3.1449837684631348,0.5013449788093567
439,440,6,0.40692755579948425,76.99801635742188,2.725541830062866,0.3192555606365204
440,441,53,0.5441675782203674,5.943734645843506,2.7499618530273438,0.647224485874176
441,442,56,0.4146742522716522,46.8555793762207,2.793527126312256,0.35004329681396484
442,443,26,12.726988792419434,7.825100421905518,3.001006603240967,1.0022790431976318
443,444,27,0.3421960175037384,5.114856719970703,2.922501802444458,0.376999169588089
444,445,31,0.35596582293510437,30.949691772460938,2.687066078186035,0.5197092890739441
445,446,15,0.43533989787101746,81.07317352294922,2.9375734329223633,0.32022014260292053
446,447,14,0.2870575785636902,27.744165420532227,3.0211093425750732,0.3110709488391876
447,448,7,0.3622998297214508,40.807559967041016,2.977536916732788,0.3156382739543915
448,449,44,0.3357894718647003,112.3726806640625,3.020597219467163,0.35183966159820557
449,450,3,0.535201907157898,16.535512924194336,2.4680287837982178,0.4061874747276306
450,451,27,0.33416950702667236,34.885616302490234,2.889235734939575,0.3531486690044403
451,452,7,0.35686543583869934,28.67276382446289,3.0241169929504395,0.4385165274143219
452,453,30,0.3584868311882019,12.71225357055664,2.8204410076141357,0.3924594521522522
453,454,44,0.36006975173950195,80.62443542480469,2.9139761924743652,0.29829925298690796
454,455,49,0.3786735236644745,6.549604892730713,3.001443862915039,0.3473435938358307
455,456,46,0.3857533633708954,11.067392349243164,2.909531593322754,0.3589533269405365
456,457,48,0.28591951727867126,82.71467590332031,2.8620247840881348,0.24956105649471283
457,458,41,0.31599563360214233,51.554691314697266,3.019099235534668,0.44242730736732483
458,459,53,0.35491839051246643,5.539246082305908,2.4157848358154297,0.4402850568294525
459,460,2,0.3554735779762268,21.29358673095703,2.9702954292297363,0.31206566095352173
460,461,40,0.2979219853878021,34.88697814941406,2.9171009063720703,0.3012222945690155
461,462,2,0.27867189049720764,20.251449584960938,3.0192205905914307,0.31121328473091125
462,463,20,0.5017662048339844,66.444580078125,2.8261492252349854,0.4827210605144501
463,464,22,0.3232891261577606,10.40169620513916,2.990706205368042,0.38580322265625
464,465,57,0.3634639084339142,11.838351249694824,3.0095865726470947,0.30187320709228516
465,466,34,0.370665580034256,50.22970199584961,2.9436864852905273,0.3386203944683075
466,467,53,0.39032429456710815,8.883073806762695,2.7852630615234375,0.3263854384422302
467,468,21,0.5838561654090881,93.66708374023438,2.7979445457458496,0.447470098733902
468,469,44,0.34174826741218567,27.368450164794922,2.96803879737854,0.37440645694732666
469,470,4,0.37965697050094604,75.91136932373047,3.005150556564331,0.32066163420677185
470,471,25,0.27524876594543457,10.136838912963867,2.7909624576568604,0.30080270767211914
471,472,7,0.34192782640457153,23.830904006958008,2.9959940910339355,0.3329714238643646
472,473,4,0.35822057723999023,122.92575073242188,2.957829236984253,0.3258282244205475
473,474,11,0.4793184697628021,14.270580291748047,2.817258358001709,0.31321272253990173
474,475,29,0.2870620787143707,51.05438995361328,2.7752630710601807,0.2720837891101837
475,476,27,0.40928593277931213,25.06508445739746,2.9161932468414307,0.3297670781612396
476,477,2,0.3560684621334076,26.851558685302734,2.8073136806488037,0.30715975165367126
477,478,32,0.2972896993160248,19.678218841552734,2.9397056102752686,0.2929171323776245
478,479,29,0.21787023544311523,24.995141983032227,2.941368341445923,0.35468798875808716
479,480,40,0.31533050537109375,58.98143768310547,2.8707854747772217,0.26080670952796936
480,481,3,0.3920789361000061,15.086955070495605,2.885589838027954,0.5216024518013
481,482,40,0.28991270065307617,23.18824005126953,2.983611822128296,0.25483131408691406
482,483,12,0.5749070644378662,19.49757957458496,2.9822838306427,0.41330140829086304
483,484,5,0.2436484396457672,38.37635040283203,2.9947476387023926,0.2694726586341858
484,485,48,0.2905844748020172,59.142066955566406,3.007445812225342,0.25345346331596375
485,486,8,0.33834108710289,6.796289443969727,3.0075066089630127,0.3512783944606781
486,487,40,0.26034781336784363,40.630496978759766,2.9921536445617676,0.2952491044998169
487,488,56,0.31790924072265625,4.883601665496826,2.99983286857605,0.31035634875297546
488,489,16,0.33580490946769714,22.3188533782959,2.9932901859283447,0.28063926100730896
489,490,24,0.2756911516189575,22.20473289489746,3.001735210418701,0.29962795972824097
490,491,20,0.31910157203674316,18.7522029876709,2.9867048263549805,0.344674676656723
491,492,36,0.30402815341949463,53.23394012451172,2.9891510009765625,0.31162387132644653
492,493,21,0.2971198558807373,18.52239418029785,2.9813930988311768,0.41897544264793396
493,494,2,0.28153273463249207,5.7188801765441895,2.894887924194336,0.32121509313583374
494,495,24,0.2724525034427643,69.36194610595703,2.9832310676574707,0.3128446042537689
495,496,42,0.22935959696769714,42.305702209472656,3.014016628265381,0.23754574358463287
496,497,22,0.2872699797153473,10.428410530090332,2.9799656867980957,0.29502665996551514
497,498,38,0.34637483954429626,22.31247901916504,2.9368348121643066,0.25632035732269287
498,499,15,0.2660202980041504,32.726436614990234,3.009087324142456,0.4216718375682831
499,500,37,0.27911505103111267,31.195091247558594,3.0177433490753174,0.34960678219795227
500,501,20,0.403560996055603,22.79140853881836,3.014110803604126,0.4622599184513092
501,502,20,0.36432698369026184,74.85357666015625,2.8528904914855957,0.39362213015556335
502,503,43,0.3143981993198395,21.5231876373291,2.9753761291503906,0.34505695104599
503,504,30,0.308942049741745,15.349026679992676,2.855980157852173,0.3868003487586975
504,505,3,0.41659823060035706,75.2886962890625,2.997368574142456,0.3253834843635559
505,506,35,0.3108777701854706,28.07299041748047,3.021576404571533,0.3462407886981964
506,507,39,0.29469913244247437,26.249893188476562,2.982524871826172,0.3495986759662628
507,508,7,0.32568445801734924,11.732198715209961,2.978560447692871,0.30521267652511597
508,509,52,0.3029192388057709,7.9649457931518555,2.7192091941833496,0.3228048086166382
509,510,21,0.4203237295150757,47.1890983581543,2.996875762939453,0.3613432049751282
510,511,36,0.3622869849205017,32.405616760253906,2.976884126663208,0.28495144844055176
511,512,37,0.3459826409816742,31.738475799560547,2.650681495666504,0.30342331528663635
512,513,34,0.36945369839668274,52.41840362548828,2.9902350902557373,0.3470071852207184
513,514,7,0.3033163845539093,24.515262603759766,2.740466594696045,0.2983204424381256
514,515,49,0.300009548664093,16.899372100830078,2.9995174407958984,0.3544997274875641
515,516,9,0.25871631503105164,9.222347259521484,2.9848108291625977,0.2320244312286377
516,517,50,0.3138144016265869,45.34267044067383,2.923431873321533,0.32359206676483154
517,518,50,0.27038347721099854,11.43373966217041,3.005645275115967,0.2886614203453064
518,519,7,0.33551913499832153,47.629669189453125,2.8983659744262695,0.31854668259620667
519,520,7,0.40374433994293213,20.05326271057129,2.9735677242279053,0.3601051867008209
520,521,2,0.40990978479385376,17.612215042114258,2.63974928855896,0.2473737597465515
521,522,8,0.43487927317619324,22.76416778564453,3.01393985748291,0.33912375569343567
522,523,53,0.31852489709854126,3.751072406768799,2.9397428035736084,0.3416733145713806
523,524,1,0.355985552072525,94.76388549804688,2.9979171752929688,0.3202715516090393
524,525,29,0.25971367955207825,19.549482345581055,2.5874555110931396,0.2413829267024994
525,526,20,0.4317236840724945,39.44374465942383,3.0237505435943604,0.30093589425086975
526,527,49,0.3289012610912323,13.904513359069824,2.7286174297332764,0.3048953413963318
527,528,38,0.2431604117155075,25.401525497436523,2.9774069786071777,0.22215060889720917
528,529,49,0.31137263774871826,22.276193618774414,2.9959912300109863,0.29761141538619995
529,530,8,0.30365943908691406,37.38704299926758,2.902439832687378,0.3400028347969055
530,531,35,0.36283326148986816,19.661067962646484,3.0174949169158936,0.2873842418193817
531,532,44,0.2793799340724945,12.665125846862793,2.9735805988311768,0.2928594648838043
532,533,18,0.27723920345306396,30.251569747924805,2.9298408031463623,0.22885216772556305
533,534,18,0.30243659019470215,23.23723602294922,2.930539846420288,0.22343605756759644
534,535,28,0.34509795904159546,52.597232818603516,2.822697639465332,0.2901700437068939
535,536,47,0.49810242652893066,48.96671676635742,2.990039587020874,0.46233463287353516
536,537,40,0.3114665746688843,22.23522186279297,2.786267042160034,0.40836191177368164
537,538,2,0.26801925897598267,43.855098724365234,3.0073928833007812,0.219233900308609
538,539,30,0.32437869906425476,26.850566864013672,2.982422351837158,0.30217549204826355
539,540,10,0.23080390691757202,88.36371612548828,2.9928369522094727,0.29373955726623535
540,541,32,0.2647148668766022,27.731943130493164,2.9455227851867676,0.27089357376098633
541,542,19,0.2746632397174835,45.66670227050781,3.016242504119873,0.36748942732810974
542,543,13,0.2527754008769989,10.646201133728027,2.8707220554351807,0.26588818430900574
543,544,6,0.3683069944381714,11.849145889282227,2.753148078918457,0.26352348923683167
544,545,43,1.3427335023880005,41.28742218017578,2.999253988265991,0.30955448746681213
545,546,43,0.7051782608032227,19.644559860229492,2.9319190979003906,0.3051595985889435
546,547,11,0.4053858518600464,29.01474380493164,2.9952166080474854,0.30182263255119324
547,548,4,0.28156816959381104,26.23611831665039,2.978825092315674,0.3054791986942291
548,549,5,0.23216447234153748,18.369152069091797,3.0166704654693604,0.27082574367523193
549,550,45,0.2723453640937805,38.449615478515625,2.9996840953826904,0.33089354634284973
550,551,31,0.3011018931865692,10.8612060546875,2.9992833137512207,0.335016131401062
551,552,0,0.2891652286052704,2.431520700454712,2.9913105964660645,0.2830469608306885
552,553,29,0.22018003463745117,13.913198471069336,2.842841386795044,0.26554593443870544
553,554,35,0.27960577607154846,37.95554733276367,2.7381844520568848,0.2537418007850647
554,555,41,0.28017425537109375,23.06850242614746,2.846487045288086,0.31113776564598083
555,556,40,0.31509312987327576,44.867210388183594,2.7664027214050293,0.2655799984931946
556,557,19,0.27043965458869934,30.067445755004883,2.9633069038391113,0.30323129892349243
557,558,43,0.30618739128112793,17.927289962768555,2.984814405441284,0.3488253355026245
558,559,51,0.2706736922264099,19.96808433532715,2.2720751762390137,0.2775590419769287
559,560,37,0.2746535539627075,27.13132095336914,3.0186233520507812,0.35511118173599243
560,561,52,0.2866271436214447,56.339237213134766,2.984645366668701,0.26492977142333984
561,562,1,0.3224591612815857,48.50206756591797,2.9990100860595703,0.33010247349739075
562,563,26,1.6657168865203857,30.421024322509766,3.0122759342193604,1.345399022102356
563,564,14,0.26185357570648193,20.19233512878418,2.903914213180542,0.29173916578292847
564,565,37,0.27993446588516235,3.1826584339141846,2.915227174758911,0.28250202536582947
565,566,26,1.2913904190063477,18.178260803222656,2.989135265350342,1.314410924911499
566,567,22,0.3182401657104492,17.03156089782715,3.001016855239868,0.24214692413806915
567,568,4,0.31144148111343384,21.89112663269043,3.003458261489868,0.2525353729724884
568,569,6,0.3092604875564575,31.78972053527832,2.982407569885254,0.28951045870780945
569,570,31,0.4346849024295807,18.796396255493164,2.967482805252075,0.3249659538269043
570,571,14,0.24677318334579468,38.976680755615234,2.970330238342285,0.3217884600162506
571,572,16,0.28328993916511536,11.537393569946289,3.013481616973877,0.3271736800670624
572,573,11,0.3089170753955841,14.32259750366211,3.0059914588928223,0.30766910314559937
573,574,5,0.2716442346572876,37.569156646728516,2.6804404258728027,0.2714870870113373
574,575,52,0.2697044014930725,12.720199584960938,2.9831457138061523,0.278788685798645
575,576,6,0.22497321665287018,52.603450775146484,2.983306407928467,0.24897271394729614
576,577,26,1.3822693824768066,164.70806884765625,17.129104614257812,1.1802045106887817
577,578,32,0.24217641353607178,25.819263458251953,3.074575424194336,0.24660253524780273
578,579,37,0.3727433681488037,44.66244888305664,2.826765298843384,0.3219204246997833
579,580,7,0.34955793619155884,23.05598258972168,2.999257802963257,0.2576442062854767
580,581,8,0.3993834853172302,20.70157241821289,2.9977378845214844,0.2998405694961548
581,582,11,0.3221818208694458,31.909378051757812,2.9979918003082275,0.33840686082839966
582,583,3,0.39686256647109985,17.79117774963379,2.9977996349334717,0.30394434928894043
583,584,31,0.33011066913604736,14.175026893615723,2.8876383304595947,0.29396700859069824
584,585,17,0.30164238810539246,33.91648483276367,3.0014054775238037,0.3073176443576813
585,586,6,0.26040220260620117,19.4532527923584,3.0265309810638428,0.24595358967781067
586,587,46,0.3353000283241272,17.56572723388672,2.682965040206909,0.26331964135169983
587,588,19,0.24933409690856934,16.29556655883789,2.9916255474090576,0.27316978573799133
588,589,52,0.2697203457355499,18.292818069458008,2.8898098468780518,0.2623804807662964
589,590,52,0.2804358899593353,26.879886627197266,2.8809142112731934,0.268881231546402
590,591,42,0.2150171846151352,47.951019287109375,2.999837636947632,0.23433099687099457
591,592,33,0.3025020956993103,48.74320983886719,2.9708213806152344,0.3436782956123352
592,593,24,0.26868754625320435,12.935545921325684,2.8705103397369385,0.2772061824798584
593,594,35,0.245914027094841,36.10661697387695,2.9610304832458496,0.23790523409843445
594,595,49,0.2639237344264984,16.220012664794922,2.993299722671509,0.29949095845222473
595,596,41,0.25221094489097595,7.767168045043945,2.8535337448120117,0.27066710591316223
596,597,0,0.3361978530883789,1.8280357122421265,2.605609655380249,0.24669651687145233
597,598,33,0.29241427779197693,13.271562576293945,2.986914873123169,0.30174946784973145
598,599,10,0.25192180275917053,50.80121994018555,2.9923691749572754,0.29179415106773376
599,600,6,0.23879645764827728,3.471999168395996,2.9987783432006836,0.2791954576969147
600,601,7,0.23029659688472748,16.91433334350586,2.9295735359191895,0.2731879651546478
601,602,35,0.2599802315235138,31.105894088745117,2.7050390243530273,0.27708643674850464
602,603,18,0.2824503481388092,3.0072035789489746,2.921613931655884,0.2331831157207489
603,604,19,0.28830528259277344,8.125055313110352,2.931417226791382,0.2969857156276703
604,605,33,0.30718427896499634,19.225496292114258,2.9977710247039795,0.2935929000377655
605,606,53,0.356314092874527,3.660370349884033,2.649571180343628,0.2763354778289795
606,607,10,0.22311152517795563,18.053176879882812,2.709568738937378,0.2688477635383606
607,608,49,0.25216197967529297,16.60367774963379,2.9436941146850586,0.2876664698123932
608,609,13,0.2294042706489563,85.60398864746094,2.7830116748809814,0.2419148087501526
609,610,17,0.255705326795578,59.0643424987793,2.6108453273773193,0.3034512996673584
610,611,52,0.2614653706550598,12.067206382751465,2.996438980102539,0.286693811416626
611,612,19,0.2358410507440567,19.780254364013672,3.0108675956726074,0.24675694108009338
612,613,6,0.26663485169410706,9.511343955993652,2.8608760833740234,0.25700587034225464
613,614,11,0.393960177898407,26.22994041442871,2.919175863265991,0.2779091000556946
614,615,40,0.3031753599643707,11.881377220153809,2.9871859550476074,0.2858865261077881
615,616,46,0.32368552684783936,7.871016502380371,2.1982452869415283,0.2824469208717346
616,617,55,0.3421083092689514,15.836588859558105,2.9110615253448486,0.2971158027648926
617,618,53,0.44421398639678955,18.908885955810547,2.888125419616699,0.3374386727809906
618,619,38,0.23801054060459137,9.638306617736816,3.0067107677459717,0.22986717522144318
619,620,39,0.2777981758117676,3.001993417739868,2.9309048652648926,0.29949453473091125
620,621,2,0.25543540716171265,2.995450496673584,3.001655101776123,0.22543688118457794
621,622,24,0.2547878623008728,11.059971809387207,3.0048584938049316,0.2667643129825592
622,623,6,0.22898291051387787,27.01846694946289,3.0013327598571777,0.23543673753738403
623,624,51,0.2875964045524597,50.15829086303711,2.9990339279174805,0.2407900094985962
624,625,36,0.26387283205986023,10.252850532531738,2.9934868812561035,0.25308069586753845
625,626,51,0.2769564688205719,14.963337898254395,2.987893581390381,0.28310883045196533
626,627,3,0.31658419966697693,11.355159759521484,2.985860586166382,0.30177730321884155
627,628,37,0.2641047239303589,12.728549003601074,3.0108096599578857,0.27820655703544617
628,629,13,0.23294784128665924,16.536951065063477,3.001718044281006,0.23322199285030365
629,630,29,0.19824643433094025,37.675228118896484,2.9931702613830566,0.2008359730243683
630,631,8,0.32087385654449463,21.71868324279785,2.99141263961792,0.24031029641628265
631,632,6,0.22614644467830658,72.40141296386719,2.926316738128662,0.2080729454755783
632,633,37,0.23768465220928192,15.936331748962402,2.95137095451355,0.2808261215686798
633,634,10,0.27121344208717346,18.77614402770996,2.9989373683929443,0.25580894947052
634,635,8,0.2794167697429657,12.34341049194336,2.965486526489258,0.2861020863056183
635,636,3,0.2958875894546509,5.455465793609619,2.822200298309326,0.22296856343746185
636,637,7,0.25352710485458374,8.866511344909668,2.987833261489868,0.21021969616413116
637,638,57,0.27711939811706543,14.530664443969727,2.769104242324829,0.2478821575641632
638,639,44,0.21861913800239563,7.933831214904785,2.697154998779297,0.2037908136844635
639,640,38,0.2025134563446045,11.495620727539062,2.733712911605835,0.23997993767261505
640,641,19,0.2426658272743225,18.44685173034668,2.8933563232421875,0.289401113986969
641,642,32,0.21739715337753296,4.872961044311523,2.8747801780700684,0.2596655488014221
642,643,56,0.2506926357746124,9.486515998840332,2.9610979557037354,0.2745940685272217
643,644,49,0.24514256417751312,54.08120346069336,2.962344169616699,0.23449932038784027
644,645,18,0.22353017330169678,23.79366683959961,2.9830574989318848,0.24327652156352997
645,646,5,0.21809333562850952,9.293237686157227,2.987365484237671,0.23958319425582886
646,647,26,0.2951301038265228,4.963299751281738,2.9557697772979736,0.3004530072212219
647,648,18,0.2219027429819107,5.564552307128906,3.007788896560669,0.2183743715286255
648,649,54,0.2889678180217743,35.07120132446289,2.827643394470215,0.2031935751438141
649,650,52,0.22253021597862244,9.76453685760498,2.8669707775115967,0.20923498272895813
650,651,32,0.2307620495557785,7.6836090087890625,3.0041003227233887,0.21660207211971283
651,652,31,0.2627461850643158,14.703848838806152,3.006547212600708,0.24402284622192383
652,653,38,0.19767624139785767,15.758366584777832,2.847745418548584,0.21135084331035614
653,654,20,0.26167726516723633,15.74787712097168,2.6543359756469727,0.2835833430290222
654,655,7,0.22183775901794434,12.787575721740723,2.923140287399292,0.23044268786907196
655,656,13,0.2100057452917099,17.429777145385742,2.781172275543213,0.18640190362930298
656,657,3,0.23543551564216614,43.65876388549805,2.9958884716033936,0.27005037665367126
657,658,26,0.2131783366203308,4.76531457901001,2.9820773601531982,0.24166680872440338
658,659,33,0.22808991372585297,3.828418493270874,2.9948275089263916,0.22128643095493317
659,660,6,0.20305132865905762,8.414030075073242,3.0031206607818604,0.2239123284816742
660,661,52,0.21379390358924866,16.223737716674805,2.8381428718566895,0.20953118801116943
661,662,49,0.23797418177127838,41.58707809448242,2.993199110031128,0.20714038610458374
662,663,52,0.20485064387321472,7.8825154304504395,2.986027717590332,0.20940753817558289
663,664,46,0.2724495232105255,5.0938544273376465,2.1946051120758057,0.25566405057907104
664,665,16,0.21506403386592865,5.020832538604736,2.819467544555664,0.22901584208011627
665,666,34,0.23868410289287567,20.200496673583984,2.9835333824157715,0.26276129484176636
666,667,1,0.2287050485610962,26.72835350036621,2.9942409992218018,0.24398747086524963
667,668,57,0.24033759534358978,21.523080825805664,2.9917800426483154,0.22989718616008759
668,669,47,0.2844875752925873,3.098839521408081,2.9821159839630127,0.25107795000076294
669,670,0,0.27922967076301575,1.8295388221740723,2.9838273525238037,0.23006990551948547
670,671,50,0.2636253237724304,11.818086624145508,2.8986902236938477,0.23524725437164307
671,672,43,0.26835814118385315,9.74480152130127,3.002999782562256,0.2682415843009949
672,673,55,0.23364727199077606,8.380655288696289,3.0024495124816895,0.22947856783866882
673,674,53,0.25592494010925293,6.083491325378418,3.008815288543701,0.19957630336284637
674,675,3,0.28726649284362793,29.115272521972656,2.953481912612915,0.24556827545166016
675,676,2,0.20393623411655426,7.848030090332031,3.003669023513794,0.27105090022087097
676,677,25,0.19589672982692719,17.064773559570312,2.955106258392334,0.21775060892105103
677,678,38,0.210652157664299,17.299957275390625,2.911929130554199,0.2657061517238617
678,679,45,0.276339590549469,24.092731475830078,2.7561817169189453,0.2286337912082672
679,680,53,0.2468494176864624,4.533770561218262,2.734971523284912,0.19280487298965454
680,681,6,0.20583055913448334,26.124000549316406,2.981245279312134,0.17022812366485596
681,682,42,0.24696549773216248,24.776758193969727,2.9923319816589355,0.22158567607402802
682,683,48,0.23724031448364258,5.4874138832092285,2.6549506187438965,0.22799012064933777
683,684,42,0.24026404321193695,20.60801124572754,2.9866745471954346,0.21169696748256683
684,685,15,0.3163985311985016,5.623950481414795,2.994797706604004,0.22069768607616425
685,686,6,0.24584858119487762,15.81153392791748,3.0163137912750244,0.18895743787288666
686,687,46,0.265328049659729,15.591534614562988,2.3887369632720947,0.27987852692604065
687,688,52,0.2644050121307373,13.282896041870117,2.9620163440704346,0.19252510368824005
688,689,27,0.29795587062835693,23.7807559967041,2.9939725399017334,0.21563702821731567
689,690,55,0.22075042128562927,13.611109733581543,2.867772340774536,0.20898087322711945
690,691,51,0.21487227082252502,36.563846588134766,3.000762939453125,0.23432274162769318
691,692,47,0.21678467094898224,71.4245834350586,2.9832775592803955,0.33977168798446655
692,693,32,0.19925299286842346,39.723995208740234,2.8498587608337402,0.24334117770195007
693,694,37,0.20510058104991913,7.023078441619873,3.016295909881592,0.24173922836780548
694,695,8,0.23703160881996155,22.774303436279297,2.7342143058776855,0.25339749455451965
695,696,10,0.25342705845832825,12.431403160095215,2.93166446685791,0.29430091381073
696,697,51,0.25118109583854675,9.04838752746582,2.678288459777832,0.2045333832502365
697,698,41,0.24832884967327118,27.603660583496094,2.9522387981414795,0.38580456376075745
698,699,55,0.21554887294769287,10.640888214111328,2.9451241493225098,0.1980924755334854
699,700,45,0.20674139261245728,14.578741073608398,2.5606894493103027,0.21227678656578064
700,701,8,0.25733453035354614,24.914409637451172,2.9644925594329834,0.26303958892822266
701,702,25,0.19358450174331665,19.84107780456543,2.9085426330566406,0.23503471910953522
702,703,54,0.24737608432769775,16.555788040161133,2.794490337371826,0.3182612359523773
703,704,18,0.20776228606700897,29.86163330078125,2.9935295581817627,0.21501293778419495
704,705,21,0.3190063536167145,12.92692756652832,2.87973690032959,0.22870302200317383
705,706,30,0.2016877382993698,13.417821884155273,3.012132406234741,0.2082737684249878
706,707,12,0.24646472930908203,22.40599250793457,3.0094845294952393,0.28371888399124146
707,708,27,0.21853502094745636,10.914663314819336,2.961249351501465,0.18876565992832184
708,709,3,0.20311035215854645,28.35808753967285,2.6988086700439453,0.21441423892974854
709,710,24,0.21284565329551697,33.51811599731445,2.956293821334839,0.19831064343452454
710,711,29,0.19181370735168457,28.065196990966797,3.000872850418091,0.2219868004322052
711,712,14,0.2111031413078308,41.2780647277832,2.990251302719116,0.21018458902835846
712,713,45,0.20953819155693054,16.51154327392578,2.976146697998047,0.20309492945671082
713,714,15,0.21661034226417542,13.829586029052734,2.986466646194458,0.23677068948745728
714,715,32,0.23283107578754425,15.693229675292969,2.98968505859375,0.20705147087574005
715,716,27,0.22668848931789398,8.589030265808105,2.959993600845337,0.20858122408390045
716,717,0,0.27239006757736206,2.989816427230835,3.036086320877075,0.2201649397611618
717,718,32,0.22830131649971008,7.967689037322998,2.8865060806274414,0.31970417499542236
718,719,36,0.22762343287467957,35.45262908935547,2.9616177082061768,0.20365837216377258
719,720,28,0.22441595792770386,31.124048233032227,3.0145699977874756,0.21667790412902832
720,721,6,0.23895172774791718,3.947873592376709,2.9272210597991943,0.1872672438621521
721,722,25,0.21364572644233704,14.706153869628906,2.982449531555176,0.20717863738536835
722,723,50,0.21303518116474152,3.0095603466033936,3.0061779022216797,0.2207808494567871
723,724,11,0.25531017780303955,3.005016803741455,3.006284236907959,0.22883877158164978
724,725,23,0.6376625895500183,18.881441116333008,2.806352376937866,0.21050813794136047
725,726,47,0.2266160398721695,19.035005569458008,2.996000289916992,0.21453753113746643
726,727,40,0.2476729154586792,6.03007173538208,2.9040863513946533,0.2052367776632309
727,728,43,0.21423643827438354,11.544211387634277,2.990530014038086,0.2150212973356247
728,729,23,0.21909472346305847,13.521690368652344,2.8726866245269775,0.236350879073143
729,730,30,0.19854667782783508,6.010426998138428,2.971297264099121,0.2095869481563568
730,731,55,0.20886601507663727,12.480417251586914,2.8920254707336426,0.20081092417240143
731,732,44,0.20396564900875092,21.122264862060547,2.9848554134368896,0.20951323211193085
732,733,43,0.22581107914447784,10.908967971801758,2.985775947570801,0.22285135090351105
733,734,45,0.220876082777977,23.78514289855957,2.441509485244751,0.2438468337059021
734,735,54,0.2069040685892105,16.768980026245117,2.8344335556030273,0.2390674650669098
735,736,38,0.2078840583562851,6.774563789367676,2.6940624713897705,0.20139680802822113
736,737,41,0.20547984540462494,4.20920991897583,3.00278377532959,0.2138446867465973
737,738,18,0.2264297604560852,8.099006652832031,2.9682507514953613,0.22439254820346832
738,739,53,0.20766402781009674,7.008273124694824,2.920104503631592,0.18359880149364471
739,740,55,0.18611370027065277,21.340396881103516,2.7794528007507324,0.18623033165931702
740,741,50,0.21021384000778198,6.337978363037109,2.992492437362671,0.23054158687591553
741,742,15,0.3265078365802765,2.97906494140625,2.968614339828491,0.18546894192695618
742,743,44,0.2008955478668213,19.402616500854492,2.7972428798675537,0.2232954204082489
743,744,37,0.20266783237457275,21.386337280273438,2.892110824584961,0.267829030752182
744,745,55,0.22105641663074493,16.7406005859375,2.9809725284576416,0.22130173444747925
745,746,15,0.24201348423957825,12.24549388885498,3.015859842300415,0.20949314534664154
746,747,9,0.24672919511795044,18.050016403198242,2.816466808319092,0.21225014328956604
747,748,22,0.23612941801548004,18.980134963989258,3.0131478309631348,0.20793786644935608
748,749,44,0.20993192493915558,17.285888671875,2.7212138175964355,0.23435810208320618
749,750,2,0.21261627972126007,25.696622848510742,2.906769275665283,0.20306693017482758
750,751,29,0.19552527368068695,37.293235778808594,2.6076245307922363,0.16924116015434265
751,752,21,0.2239319384098053,53.11180877685547,2.9932634830474854,0.19287332892417908
752,753,21,0.19944186508655548,31.072532653808594,2.9888198375701904,0.2864578664302826
753,754,30,0.1822100579738617,7.176767826080322,2.969012498855591,0.1877906769514084
754,755,21,0.24106591939926147,16.268169403076172,2.987675428390503,0.23424050211906433
755,756,45,0.19849644601345062,28.255556106567383,2.6936447620391846,0.19043061137199402
756,757,41,0.19989395141601562,28.71225929260254,2.90688157081604,0.2478434145450592
757,758,22,0.21340113878250122,6.384151458740234,2.9918477535247803,0.1943390965461731
758,759,18,0.23259852826595306,25.961782455444336,2.9048070907592773,0.22662143409252167
759,760,14,0.19059185683727264,6.283134937286377,2.913102149963379,0.18351344764232635
760,761,44,0.18950089812278748,35.213218688964844,2.967459201812744,0.2498154193162918
761,762,20,0.2291184961795807,48.1610107421875,2.9300129413604736,0.27950456738471985
762,763,52,0.17505446076393127,12.405237197875977,3.0019800662994385,0.19296100735664368
763,764,0,0.21554014086723328,2.7623703479766846,2.6509063243865967,0.19591443240642548
764,765,15,0.24861586093902588,16.39176368713379,2.950082540512085,0.21140198409557343
765,766,51,0.18013718724250793,50.03251266479492,2.9902422428131104,0.21082384884357452
766,767,1,0.22253337502479553,24.29895782470703,2.8666443824768066,0.1991918981075287
767,768,37,0.18313078582286835,2.9719386100769043,2.7733981609344482,0.19794028997421265
768,769,52,0.17913618683815002,14.224031448364258,2.9298996925354004,0.19978547096252441
769,770,48,0.19150033593177795,7.859840393066406,2.903770685195923,0.21632462739944458
770,771,43,0.21719320118427277,20.500125885009766,2.7070670127868652,0.22138434648513794
771,772,3,0.20704853534698486,10.464838981628418,2.7501213550567627,0.2626591622829437
772,773,2,0.19984552264213562,5.989591598510742,2.9095335006713867,0.19357994198799133
773,774,15,0.3298817276954651,79.11554718017578,2.387446880340576,0.20409788191318512
774,775,9,0.23430316150188446,8.003050804138184,2.880735158920288,0.19078750908374786
775,776,34,0.23424606025218964,64.92505645751953,2.9880318641662598,0.24697841703891754
776,777,36,0.19848443567752838,14.325482368469238,2.81318736076355,0.22382710874080658
777,778,9,0.2228567898273468,10.724772453308105,2.738767147064209,0.20147961378097534
778,779,27,0.24295784533023834,6.022858142852783,2.991853713989258,0.21891148388385773
779,780,28,0.22523455321788788,11.554450988769531,2.99574613571167,0.1931411772966385
780,781,43,0.24297496676445007,13.527331352233887,3.0024991035461426,0.271065354347229
781,782,30,0.20138010382652283,3.005927324295044,2.992033004760742,0.206278994679451
782,783,40,0.2736775577068329,7.922475814819336,2.999199151992798,0.23846492171287537
783,784,22,0.2483043521642685,5.599931716918945,3.009413719177246,0.21676479279994965
784,785,25,0.1824064403772354,15.454848289489746,2.968653440475464,0.1875493973493576
785,786,42,0.1811515986919403,36.953311920166016,2.7524056434631348,0.18066592514514923
786,787,3,0.1916358321905136,3.015563488006592,2.9862234592437744,0.2563227713108063
787,788,41,0.23870623111724854,43.57145309448242,3.0107507705688477,0.24058108031749725
788,789,18,0.22693388164043427,24.211959838867188,2.9232263565063477,0.23528054356575012
789,790,1,0.19838425517082214,30.28980255126953,2.6014952659606934,0.22846941649913788
790,791,1,0.22872740030288696,21.387895584106445,2.9312212467193604,0.219546839594841
791,792,41,0.23420076072216034,29.464065551757812,2.491096019744873,0.29425162076950073
792,793,33,0.24242104589939117,23.93736457824707,2.7554540634155273,0.24444501101970673
793,794,14,0.1959521472454071,26.707639694213867,2.731637716293335,0.18719860911369324
794,795,27,0.21513116359710693,11.106432914733887,2.9965367317199707,0.21198789775371552
795,796,12,0.22591255605220795,26.55308723449707,2.8423993587493896,0.2452840358018875
796,797,6,0.20088167488574982,50.637474060058594,3.0128471851348877,0.18556438386440277
797,798,48,0.21620818972587585,75.50328063964844,3.004572629928589,0.1899348795413971
798,799,36,0.20786887407302856,27.752410888671875,2.8620898723602295,0.24562083184719086
799,800,8,0.2621766924858093,14.257156372070312,2.977546215057373,0.25746363401412964
800,801,57,0.2194187343120575,32.13421630859375,2.9868361949920654,0.21444840729236603
801,802,9,0.2023375779390335,28.372528076171875,2.6153206825256348,0.21865983307361603
802,803,42,0.19643670320510864,14.173370361328125,2.996914863586426,0.187770277261734
803,804,6,0.18317937850952148,38.148338317871094,2.957494020462036,0.22273428738117218
804,805,39,0.2075929343700409,37.818359375,2.9906580448150635,0.2064579725265503
805,806,19,0.2116980254650116,76.20133209228516,3.0026559829711914,0.2658275365829468
806,807,56,0.22302022576332092,20.99207878112793,2.9834232330322266,0.2826365828514099
807,808,13,0.21424223482608795,9.365614891052246,3.0038037300109863,0.19621138274669647
808,809,54,0.21540489792823792,20.399723052978516,2.8168225288391113,0.20886066555976868
809,810,19,0.18680696189403534,88.53339385986328,3.0084991455078125,0.2339194118976593
810,811,1,0.2158391922712326,29.714078903198242,2.9984710216522217,0.23415221273899078
811,812,42,0.172946035861969,8.430970191955566,2.992575168609619,0.1992546021938324
812,813,44,0.18602043390274048,5.660152912139893,3.001685380935669,0.18611358106136322
813,814,23,0.18732483685016632,18.02386474609375,2.872084617614746,0.2121923863887787
814,815,52,0.19229793548583984,37.12419891357422,2.9935126304626465,0.19260184466838837
815,816,30,0.1882535219192505,11.384382247924805,2.8685975074768066,0.272129088640213
816,817,37,0.18624047935009003,16.347122192382812,2.979541778564453,0.18072080612182617
817,818,6,0.20254381000995636,31.70884132385254,2.9775643348693848,0.19519701600074768
818,819,2,0.19939842820167542,16.348535537719727,2.924041986465454,0.19216009974479675
819,820,10,0.1841774433851242,31.264867782592773,2.5841314792633057,0.20656205713748932
820,821,15,0.20401334762573242,38.57373046875,2.8176944255828857,0.22355788946151733
821,822,50,0.22058477997779846,11.458451271057129,2.9089763164520264,0.22289125621318817
822,823,40,0.2527577579021454,19.3695068359375,2.8834643363952637,0.2352600246667862
823,824,32,0.2145608812570572,25.59682273864746,2.9048402309417725,0.18771731853485107
824,825,50,0.23334862291812897,7.977509021759033,2.1640686988830566,0.19963516294956207
825,826,41,0.21849119663238525,41.872249603271484,2.88936185836792,0.20880013704299927
826,827,19,0.22075553238391876,22.583839416503906,2.989783525466919,0.19219180941581726
827,828,7,0.1903620958328247,14.557729721069336,3.0031144618988037,0.19110283255577087
828,829,37,0.1847507357597351,3.5629804134368896,2.9803049564361572,0.20273041725158691
829,830,6,0.17720596492290497,52.86671447753906,2.9699227809906006,0.1982816457748413
830,831,12,0.22101624310016632,24.462099075317383,2.8968074321746826,0.24694626033306122
831,832,23,0.17990322411060333,16.76755714416504,2.9974310398101807,0.2028372585773468
832,833,33,0.25594595074653625,21.577686309814453,3.0096452236175537,0.23414359986782074
833,834,53,0.22049376368522644,7.34697151184082,2.713305950164795,0.18791350722312927
834,835,33,0.2421124428510666,3.9659640789031982,2.9948432445526123,0.25367826223373413
835,836,11,0.23067277669906616,34.49075698852539,2.773843288421631,0.19785822927951813
836,837,55,0.19310066103935242,11.694131851196289,3.0152153968811035,0.2097887098789215
837,838,22,0.20538704097270966,5.553277969360352,2.704692840576172,0.20473730564117432
838,839,21,0.2747519612312317,19.073711395263672,2.9225921630859375,0.2150944322347641
839,840,48,0.1910969763994217,25.419591903686523,2.9809391498565674,0.20665383338928223
840,841,41,0.19746212661266327,37.20018005371094,2.9717416763305664,0.323294073343277
841,842,57,0.18574368953704834,6.3277482986450195,2.9871573448181152,0.23473197221755981
842,843,45,0.19530411064624786,24.472877502441406,2.6991360187530518,0.23176556825637817
843,844,23,0.22252346575260162,8.728440284729004,2.754591941833496,0.21019083261489868
844,845,22,0.25655171275138855,4.38626766204834,2.7706587314605713,0.22908291220664978
845,846,46,0.2680889964103699,14.59772777557373,2.9486076831817627,0.2425585687160492
846,847,52,0.23438531160354614,6.678172588348389,3.0055248737335205,0.19627828896045685
847,848,9,0.2093416154384613,37.11042022705078,2.7371044158935547,0.1690616011619568
848,849,50,0.19827024638652802,13.4878568649292,2.990605592727661,0.18443812429904938
849,850,10,0.21510204672813416,66.80574798583984,2.9096715450286865,0.20198793709278107
850,851,24,0.19550058245658875,7.452550888061523,3.011523485183716,0.21126192808151245
851,852,0,0.2142297774553299,1.4757680892944336,2.5763936042785645,0.20897799730300903
852,853,46,0.24432004988193512,6.359891891479492,2.8856263160705566,0.20643490552902222
853,854,16,0.19275808334350586,14.277355194091797,2.547464609146118,0.18199409544467926
854,855,21,0.24214692413806915,13.602996826171875,2.933661937713623,0.24556928873062134
855,856,32,0.20668981969356537,14.79336929321289,2.950753927230835,0.2285822182893753
856,857,4,0.208263099193573,16.02155113220215,3.005009174346924,0.24769094586372375
857,858,56,0.20925500988960266,30.66301918029785,2.9514753818511963,0.20741017162799835
858,859,57,0.24146580696105957,17.349422454833984,2.9949376583099365,0.25019362568855286
859,860,56,0.21353779733181,13.671601295471191,2.998851776123047,0.20167270302772522
860,861,37,0.22128230333328247,17.442930221557617,2.997798442840576,0.19671201705932617
861,862,11,0.2186848670244217,9.99040412902832,3.011080265045166,0.24966737627983093
862,863,49,0.21064631640911102,42.40673065185547,2.973353862762451,0.17474989593029022
863,864,34,0.23075710237026215,56.560951232910156,3.020721912384033,0.2731289565563202
864,865,18,0.21708577871322632,11.496844291687012,2.979783535003662,0.20587381720542908
865,866,52,0.21669229865074158,13.191413879394531,2.898885488510132,0.2015705406665802
866,867,7,0.2223731130361557,17.950708389282227,2.9915144443511963,0.17985783517360687
867,868,19,0.21311502158641815,30.456214904785156,2.9818129539489746,0.22927822172641754
868,869,16,0.19354557991027832,14.138383865356445,2.9980835914611816,0.24072490632534027
869,870,54,0.24808795750141144,8.406445503234863,3.0145113468170166,0.21769626438617706
870,871,50,0.20643672347068787,16.037412643432617,2.6638131141662598,0.18315134942531586
871,872,35,0.21179668605327606,13.729474067687988,2.9800291061401367,0.2094675451517105
872,873,34,0.20700526237487793,37.72373962402344,2.9986565113067627,0.2166357785463333
873,874,9,0.174724742770195,31.412261962890625,2.7501561641693115,0.1676430106163025
874,875,23,0.16705875098705292,8.016944885253906,3.0015275478363037,0.18419581651687622
875,876,36,0.18565914034843445,4.415262222290039,2.9926064014434814,0.24163885414600372
876,877,34,0.2296539843082428,55.239192962646484,2.9740545749664307,0.2421819567680359
877,878,18,0.20575493574142456,11.967191696166992,2.9175941944122314,0.22688162326812744
878,879,3,0.2238532155752182,30.957490921020508,3.0019054412841797,0.23140282928943634
879,880,16,0.1873847246170044,5.692330360412598,2.9791312217712402,0.21044477820396423
880,881,32,0.19652292132377625,13.67115592956543,2.9991142749786377,0.20232486724853516
881,882,51,0.19111782312393188,27.36806869506836,2.7729690074920654,0.21226760745048523
882,883,18,0.19839245080947876,17.079151153564453,2.7987682819366455,0.1973593533039093
883,884,50,0.1932617574930191,13.598443031311035,2.988847494125366,0.1888294667005539
884,885,4,0.23778373003005981,17.69575309753418,3.0030441284179688,0.20145435631275177
885,886,51,0.19620873034000397,8.366872787475586,2.975756883621216,0.19923612475395203
886,887,11,0.2034691423177719,12.833770751953125,2.996741533279419,0.18835429847240448
887,888,8,0.23758865892887115,7.754165172576904,2.9876275062561035,0.22840987145900726
888,889,52,0.19022177159786224,8.231181144714355,2.8707969188690186,0.20837616920471191
889,890,18,0.2155708223581314,4.3381028175354,2.977653741836548,0.20703937113285065
890,891,24,0.19058479368686676,16.553815841674805,3.008328437805176,0.19738227128982544
891,892,0,0.2282067984342575,2.774700403213501,2.808307409286499,0.18213659524917603
892,893,14,0.18959404528141022,25.150297164916992,3.0152406692504883,0.18597200512886047
893,894,14,0.1956498622894287,6.443812847137451,2.9734396934509277,0.20664845407009125
894,895,51,0.20351088047027588,10.325572967529297,2.839696168899536,0.17705583572387695
895,896,30,0.19622382521629333,3.0067265033721924,2.9839110374450684,0.1842162162065506
896,897,12,0.2113722860813141,8.805042266845703,2.575519561767578,0.2079790085554123
897,898,49,0.18779779970645905,17.0304012298584,2.9971883296966553,0.23426668345928192
898,899,2,0.19032903015613556,8.404955863952637,2.60329270362854,0.22465963661670685
899,900,8,0.2190016508102417,26.967309951782227,2.5054476261138916,0.24633754789829254
900,901,53,0.21689818799495697,5.7160325050354,2.8051693439483643,0.16996362805366516
901,902,31,0.20195113122463226,3.2145824432373047,2.549762725830078,0.2297794371843338
902,903,49,0.1962651014328003,17.692787170410156,2.9987804889678955,0.20788389444351196
903,904,54,0.21808341145515442,3.0131125450134277,3.01147198677063,0.19656379520893097
904,905,47,0.21877598762512207,3.604548454284668,2.7886059284210205,0.1991804540157318
905,906,31,0.20035646855831146,14.712495803833008,2.978480815887451,0.22876429557800293
906,907,5,0.21858826279640198,10.399309158325195,2.3585803508758545,0.1929815113544464
907,908,43,0.23024757206439972,20.393936157226562,2.987636089324951,0.19238828122615814
908,909,35,0.2118137776851654,29.455461502075195,3.014212131500244,0.22113873064517975
909,910,7,0.18673841655254364,3.229870319366455,2.994431734085083,0.1800454556941986
910,911,20,0.2280670553445816,34.35966110229492,2.9768013954162598,0.20743733644485474
911,912,5,0.1609799712896347,3.002434253692627,2.995821475982666,0.19988688826560974
912,913,17,0.20210584998130798,9.730579376220703,2.985018253326416,0.2214205414056778
913,914,51,0.17381003499031067,3.3884084224700928,2.7303178310394287,0.18257677555084229
914,915,54,0.2269870787858963,31.343929290771484,3.0204265117645264,0.22534097731113434
915,916,2,0.195394828915596,22.608428955078125,3.0044169425964355,0.1991182267665863
916,917,9,0.18160563707351685,8.360204696655273,2.9385764598846436,0.19212119281291962
917,918,53,0.1856810301542282,4.414096832275391,2.61247181892395,0.19973579049110413
918,919,45,0.19905570149421692,21.391050338745117,2.9665169715881348,0.19150947034358978
919,920,34,0.21956226229667664,59.34321212768555,3.0677366256713867,0.20495820045471191
920,921,11,0.18688403069972992,11.189027786254883,3.0161209106445312,0.2847490608692169
921,922,27,0.20774473249912262,8.882563591003418,2.8148226737976074,0.20737603306770325
922,923,1,0.18824420869350433,22.957748413085938,3.0064985752105713,0.2072443962097168
923,924,52,0.18213357031345367,15.301054000854492,3.003957748413086,0.22003833949565887
924,925,34,0.20872831344604492,17.510108947753906,2.9912500381469727,0.21724210679531097
925,926,39,0.18892666697502136,19.514394760131836,2.991103410720825,0.18005160987377167
926,927,35,0.20952777564525604,6.262696743011475,2.997098922729492,0.20523226261138916
927,928,15,0.24192246794700623,33.96693801879883,2.6115496158599854,0.2026039958000183
928,929,31,0.22493760287761688,29.31410026550293,3.002377510070801,0.2118305265903473
929,930,12,0.2130439728498459,6.666558742523193,3.0130138397216797,0.20281672477722168
930,931,0,0.19509214162826538,2.5770058631896973,2.708616018295288,0.21321487426757812
931,932,48,0.17808347940444946,25.051244735717773,2.834235668182373,0.18327628076076508
932,933,24,0.17338234186172485,7.169368743896484,2.7695415019989014,0.18009735643863678
933,934,41,0.1778258979320526,32.49125289916992,2.9805448055267334,0.1981365829706192
934,935,7,0.156887486577034,12.717876434326172,3.007214307785034,0.19433511793613434
935,936,21,0.2480650097131729,12.371516227722168,2.8156495094299316,0.19321782886981964
936,937,24,0.16612377762794495,2.986111640930176,2.984405994415283,0.2090800553560257
937,938,44,0.18520452082157135,10.8338623046875,2.9301700592041016,0.17645086348056793
938,939,4,0.21118244528770447,50.14515686035156,2.9547295570373535,0.2171938270330429
939,940,52,0.19307361543178558,10.066400527954102,2.729172706604004,0.19339627027511597
940,941,7,0.16075462102890015,3.0123140811920166,2.9931368827819824,0.18588776886463165
941,942,24,0.1792672574520111,21.088315963745117,3.028258800506592,0.2132943570613861
942,943,29,0.16326232254505157,13.806889533996582,2.9822113513946533,0.17162859439849854
943,944,32,0.19308817386627197,36.51875305175781,2.9628608226776123,0.22010834515094757
944,945,21,0.21933355927467346,9.939847946166992,2.84319806098938,0.24492526054382324
945,946,7,0.166936457157135,14.366676330566406,3.0014853477478027,0.1772335320711136
946,947,12,0.19357000291347504,3.001577615737915,3.000688314437866,0.21046902239322662
947,948,41,0.1940355747938156,4.408851623535156,2.9916350841522217,0.18177329003810883
948,949,9,0.1674795299768448,10.067352294921875,2.829514265060425,0.1668112874031067
949,950,1,0.17855390906333923,4.647010326385498,2.995277166366577,0.22474926710128784
950,951,17,0.25526970624923706,14.539538383483887,2.687471866607666,0.21929338574409485
951,952,24,0.18070107698440552,14.145185470581055,2.8576247692108154,0.17923428118228912
952,953,46,0.2103252112865448,14.794364929199219,2.8223416805267334,0.23959417641162872
953,954,57,0.20077954232692719,9.092639923095703,3.00895357131958,0.19180774688720703
954,955,12,0.24064737558364868,18.174476623535156,2.820918560028076,0.17719070613384247
955,956,50,0.18357865512371063,15.903286933898926,3.000692129135132,0.18308235704898834
956,957,12,0.21193133294582367,13.42699909210205,2.8649356365203857,0.210688978433609
957,958,13,0.19094695150852203,6.670165538787842,2.910989284515381,0.19089846312999725
958,959,47,0.17968998849391937,7.21910285949707,2.911898374557495,0.23967425525188446
959,960,35,0.2122962772846222,3.0515594482421875,3.0103635787963867,0.1978258490562439
960,961,34,0.19300135970115662,14.746939659118652,2.9366655349731445,0.22310084104537964
961,962,54,0.2400842159986496,16.07176971435547,3.0050511360168457,0.24866682291030884
962,963,38,0.19420607388019562,9.813953399658203,2.978247880935669,0.20546981692314148
963,964,1,0.18025873601436615,20.523361206054688,2.9860384464263916,0.18105214834213257
964,965,12,0.20578265190124512,9.859962463378906,2.8722116947174072,0.21829287707805634
965,966,53,0.19634225964546204,4.5826873779296875,2.9457383155822754,0.21989180147647858
966,967,23,0.17421889305114746,6.4333577156066895,3.0009257793426514,0.1968473345041275
967,968,20,0.22600038349628448,18.39678955078125,3.0174968242645264,0.26995399594306946
968,969,30,0.18248985707759857,14.813596725463867,3.009413719177246,0.19235576689243317
969,970,57,0.19036459922790527,25.873779296875,3.0029776096343994,0.19262953102588654
970,971,8,0.18793320655822754,11.569389343261719,2.9149672985076904,0.21693624556064606
971,972,37,0.17619982361793518,11.094223976135254,3.0018458366394043,0.17926612496376038
972,973,46,0.19718192517757416,2.9992387294769287,3.011669397354126,0.1838715672492981
973,974,25,0.19696050882339478,26.660871505737305,3.010821580886841,0.16925548017024994
974,975,3,0.180660218000412,12.015530586242676,2.974597930908203,0.19583635032176971
975,976,3,0.18310925364494324,17.3882999420166,3.0179951190948486,0.2186630666255951
976,977,43,0.19590239226818085,7.901521682739258,3.003539562225342,0.22219525277614594
977,978,55,0.17727705836296082,41.81875228881836,2.956782102584839,0.20791108906269073
978,979,3,0.1702464371919632,26.885236740112305,2.6458098888397217,0.17647969722747803
979,980,44,0.16898158192634583,6.024244785308838,2.924619197845459,0.18986845016479492
980,981,53,0.19708842039108276,4.457805633544922,2.8079659938812256,0.20768094062805176
981,982,27,0.17534351348876953,39.957725524902344,2.639477252960205,0.25707364082336426
982,983,3,0.18248306214809418,16.23401641845703,2.888087511062622,0.20596884191036224
983,984,8,0.22573521733283997,17.97340965270996,2.9772603511810303,0.2036197930574417
984,985,10,0.18533220887184143,5.164732933044434,2.985074996948242,0.18954704701900482
985,986,0,0.18008501827716827,2.455162763595581,2.7422351837158203,0.1930479109287262
986,987,14,0.1876375526189804,11.622051239013672,2.965796947479248,0.16978836059570312
987,988,57,0.18566764891147614,22.833646774291992,3.012434720993042,0.2268984168767929
988,989,53,0.16838279366493225,13.297905921936035,3.0014383792877197,0.1690751016139984
989,990,22,0.1991201639175415,5.525733470916748,2.9845807552337646,0.20784065127372742
990,991,20,0.1952820122241974,26.446523666381836,3.020216226577759,0.18983039259910583
991,992,55,0.18515729904174805,3.013843536376953,2.9925544261932373,0.21766313910484314
992,993,43,0.1998518854379654,20.29766845703125,2.9810352325439453,0.21528853476047516
993,994,53,0.18095801770687103,5.895341873168945,2.5789310932159424,0.18637092411518097
994,995,54,0.2606567442417145,19.405616760253906,3.001932382583618,0.23711861670017242
995,996,17,0.24843630194664001,11.956473350524902,2.9812841415405273,0.264708012342453
996,997,54,0.2504993975162506,11.724691390991211,2.778709888458252,0.18191207945346832
997,998,20,0.18650159239768982,11.401598930358887,2.838754415512085,0.22427482903003693
998,999,41,0.21281671524047852,24.577295303344727,2.825756072998047,0.18855513632297516
999,1000,3,0.24684232473373413,9.644216537475586,2.9759891033172607,0.17720039188861847
